{
"type": "FeatureCollection",
"crs": { "type": "name", "properties": { "name": "urn:ogc:def:crs:EPSG::25830" } },
                                                                                
"features": [
{ "type": "Feature", "properties": { "name": "35_C\/ DUQUE DE CALABRIA", "number": "35", "address": "Regne de Valencia - Almirante Cadarso", "open": "T", "available": "16", "free": "4", "total": "20", "ticket": "T", "updated_at": "16\/12\/2019 09:44:55" }, "geometry": { "type": "Point", "coordinates": [ 726516.262, 4371550.757 ] } },
{ "type": "Feature", "properties": { "name": "46_AVDA. INSTITUTO OBRERO DE VALENCIA", "number": "46", "address": "Pintor Luis Arcas - Inst. Obrero Valenciano", "open": "T", "available": "8", "free": "12", "total": "20", "ticket": "F", "updated_at": "16\/12\/2019 09:44:55" }, "geometry": { "type": "Point", "coordinates": [ 727249.221, 4370656.763 ] } },
{ "type": "Feature", "properties": { "name": "47_AVDA. AUTOPISTA DEL SALER", "number": "47", "address": "Autopista del Saler - Puente Monteolivete", "open": "T", "available": "15", "free": "5", "total": "20", "ticket": "T", "updated_at": "16\/12\/2019 09:44:55" }, "geometry": { "type": "Point", "coordinates": [ 727535.862, 4370776.603 ] } },
{ "type": "Feature", "properties": { "name": "48_AVDA. ANTONIO FERRANDIS", "number": "48", "address": "Antonio Ferrandis - General Urrutia", "open": "T", "available": "15", "free": "5", "total": "20", "ticket": "F", "updated_at": "16\/12\/2019 09:44:55" }, "geometry": { "type": "Point", "coordinates": [ 727284.71, 4370135.431 ] } },
{ "type": "Feature", "properties": { "name": "49_C\/ RICARDO MUÑOZ SUAY", "number": "49", "address": "Ricardo Muñoz Suay - María José Victoria Fuster (C.C. El Saler)", "open": "T", "available": "24", "free": "1", "total": "25", "ticket": "F", "updated_at": "16\/12\/2019 09:44:55" }, "geometry": { "type": "Point", "coordinates": [ 727401.736, 4370381.009 ] } },
{ "type": "Feature", "properties": { "name": "51_PSO. DE LAS MORERAS", "number": "51", "address": "Moreras (Oceanográfico)", "open": "T", "available": "19", "free": "1", "total": "20", "ticket": "T", "updated_at": "16\/12\/2019 09:44:55" }, "geometry": { "type": "Point", "coordinates": [ 728254.851, 4370316.791 ] } },
{ "type": "Feature", "properties": { "name": "52_C\/ LUIS GARCIA BERLANGA", "number": "52", "address": "Luis García Berlanga Martí - Menorca", "open": "T", "available": "19", "free": "6", "total": "25", "ticket": "T", "updated_at": "16\/12\/2019 09:44:55" }, "geometry": { "type": "Point", "coordinates": [ 728318.593, 4370746.512 ] } },
{ "type": "Feature", "properties": { "name": "53_C\/ LUIS GARCIA BERLANGA", "number": "53", "address": "Alameda - Pintor Maella", "open": "T", "available": "24", "free": "1", "total": "25", "ticket": "F", "updated_at": "16\/12\/2019 09:44:55" }, "geometry": { "type": "Point", "coordinates": [ 728161.402, 4370822.987 ] } },
{ "type": "Feature", "properties": { "name": "068_AVDA. DEL PUERTO IV", "number": "68", "address": "Av. Puerto - José Aguilar", "open": "T", "available": "10", "free": "10", "total": "20", "ticket": "T", "updated_at": "16\/12\/2019 09:44:55" }, "geometry": { "type": "Point", "coordinates": [ 728692.861, 4371509.581 ] } },
{ "type": "Feature", "properties": { "name": "079_AVDA. ARAGON II", "number": "79", "address": "Aragón - Ernesto Ferrer", "open": "T", "available": "4", "free": "16", "total": "20", "ticket": "F", "updated_at": "16\/12\/2019 09:44:55" }, "geometry": { "type": "Point", "coordinates": [ 727325.931, 4372577.687 ] } },
{ "type": "Feature", "properties": { "name": "091_CALLE_GRABADOR_JORDAN_46_PLAZA_ESCULTOR_PASTOR", "number": "91", "address": "Grabador Jordan - Escultor Pastor", "open": "T", "available": "9", "free": "6", "total": "15", "ticket": "F", "updated_at": "16\/12\/2019 09:44:55" }, "geometry": { "type": "Point", "coordinates": [ 726530.086, 4369370.981 ] } },
{ "type": "Feature", "properties": { "name": "092_AVDA. DE ARAGON, 4 - ESQ AVDA BLASCO IBAÑEZ", "number": "92", "address": "Blasco Ibañez - Aragón", "open": "T", "available": "11", "free": "9", "total": "20", "ticket": "T", "updated_at": "16\/12\/2019 09:44:55" }, "geometry": { "type": "Point", "coordinates": [ 727425.494, 4372922.905 ] } },
{ "type": "Feature", "properties": { "name": "101_AVDA. BLASCO IBAÑEZ 10", "number": "101", "address": "Marino Blas de Lezo (estación Cabañal Adif)", "open": "T", "available": "13", "free": "17", "total": "30", "ticket": "T", "updated_at": "16\/12\/2019 09:44:55" }, "geometry": { "type": "Point", "coordinates": [ 729303.307, 4372334.766 ] } },
{ "type": "Feature", "properties": { "name": "119_C\/ JAIME ROIG", "number": "119", "address": "Jaime Roig - Bachiller", "open": "T", "available": "19", "free": "1", "total": "20", "ticket": "F", "updated_at": "16\/12\/2019 09:44:55" }, "geometry": { "type": "Point", "coordinates": [ 726779.466, 4373643.882 ] } },
{ "type": "Feature", "properties": { "name": "122_C_MÚSICO HIPÓLITO MARTÍNEZ", "number": "122", "address": "Músico Hipólito Martínez - Diógenes López Mecho", "open": "T", "available": "7", "free": "8", "total": "15", "ticket": "F", "updated_at": "16\/12\/2019 09:44:55" }, "geometry": { "type": "Point", "coordinates": [ 727560.986, 4373885.116 ] } },
{ "type": "Feature", "properties": { "name": "268_PZA_LUIS_CANO_5", "number": "268", "address": "Plaza Luis Cano, 5", "open": "T", "available": "5", "free": "4", "total": "10", "ticket": "T", "updated_at": "16\/12\/2019 09:44:55" }, "geometry": { "type": "Point", "coordinates": [ 721965.27, 4375606.862 ] } },
{ "type": "Feature", "properties": { "name": "274_MANUEL_ANDRES_CASTELL_DE_POLOP", "number": "274", "address": "San Francisco de Paula - Castell de Pop", "open": "T", "available": "5", "free": "10", "total": "15", "ticket": "F", "updated_at": "16\/12\/2019 09:44:55" }, "geometry": { "type": "Point", "coordinates": [ 729476.507, 4369895.897 ] } },
{ "type": "Feature", "properties": { "name": "275_CAMINO_DE_LAS_MORERAS_ESQ_RONDA_DE_NAZARET", "number": "275", "address": "Moreras - Rona de Nazaret", "open": "T", "available": "8", "free": "12", "total": "20", "ticket": "F", "updated_at": "16\/12\/2019 09:44:55" }, "geometry": { "type": "Point", "coordinates": [ 729301.066, 4370361.218 ] } },
{ "type": "Feature", "properties": { "name": "273_CALLE_MORAIRA_CALLE_DALT_DE_LA_MAR", "number": "273", "address": "Moraira - Alta del Mar", "open": "T", "available": "9", "free": "6", "total": "15", "ticket": "F", "updated_at": "16\/12\/2019 09:44:55" }, "geometry": { "type": "Point", "coordinates": [ 729461.936, 4370143.776 ] } },
{ "type": "Feature", "properties": { "name": "011_PZA_AYTO_CON_CALLE_COTANDA", "number": "11", "address": "Plaza Ayuntamiento - Cotanda", "open": "T", "available": "12", "free": "15", "total": "27", "ticket": "T", "updated_at": "16\/12\/2019 09:44:55" }, "geometry": { "type": "Point", "coordinates": [ 725649.875, 4372351.711 ] } },
{ "type": "Feature", "properties": { "name": "036_PZA_LOS_FUEROS_CONDE_TRENOR", "number": "36", "address": "Plaza de los Fueros - Conde Trenor", "open": "T", "available": "0", "free": "0", "total": "25", "ticket": "F", "updated_at": "16\/12\/2019 09:44:55" }, "geometry": { "type": "Point", "coordinates": [ 725740.337, 4373230.46 ] } },
{ "type": "Feature", "properties": { "name": "37_AVDA. PERIS Y VALERO", "number": "37", "address": "Peris y Valero - Luis Santángel", "open": "T", "available": "1", "free": "19", "total": "20", "ticket": "F", "updated_at": "16\/12\/2019 09:44:55" }, "geometry": { "type": "Point", "coordinates": [ 726573.03, 4371240.067 ] } },
{ "type": "Feature", "properties": { "name": "38_AVDA. PERIS Y VALERO", "number": "38", "address": "Peris y Valero - Cabo Jubi", "open": "T", "available": "0", "free": "20", "total": "20", "ticket": "F", "updated_at": "16\/12\/2019 09:44:55" }, "geometry": { "type": "Point", "coordinates": [ 726250.283, 4371060.021 ] } },
{ "type": "Feature", "properties": { "name": "39_AVDA. PERIS Y VALERO", "number": "39", "address": "Peris y Valero - Cuba", "open": "T", "available": "0", "free": "19", "total": "19", "ticket": "T", "updated_at": "16\/12\/2019 09:44:55" }, "geometry": { "type": "Point", "coordinates": [ 725938.466, 4370878.973 ] } },
{ "type": "Feature", "properties": { "name": "40_CALLE_BARCAS_FRENTE _TEATRO_PRINCIPAL", "number": "40", "address": "Barcas, 11", "open": "T", "available": "11", "free": "15", "total": "26", "ticket": "T", "updated_at": "16\/12\/2019 09:44:55" }, "geometry": { "type": "Point", "coordinates": [ 725820.827, 4372276.702 ] } },
{ "type": "Feature", "properties": { "name": "41_AVDA. GRAL. URRUTIA", "number": "41", "address": "General Urrutia - Granada", "open": "T", "available": "0", "free": "20", "total": "20", "ticket": "F", "updated_at": "16\/12\/2019 09:44:55" }, "geometry": { "type": "Point", "coordinates": [ 726722.808, 4371019.416 ] } },
{ "type": "Feature", "properties": { "name": "42_AVDA. DE LA PLATA", "number": "42", "address": "Av. de la Plata (Museo Fallero)", "open": "T", "available": "8", "free": "12", "total": "20", "ticket": "T", "updated_at": "16\/12\/2019 09:44:55" }, "geometry": { "type": "Point", "coordinates": [ 727249.674, 4371020.291 ] } },
{ "type": "Feature", "properties": { "name": "43_C\/ DE ORIENTE", "number": "43", "address": "Escultor José Capuz - Oriente", "open": "T", "available": "3", "free": "17", "total": "20", "ticket": "F", "updated_at": "16\/12\/2019 09:44:55" }, "geometry": { "type": "Point", "coordinates": [ 727032.722, 4371091.257 ] } },
{ "type": "Feature", "properties": { "name": "44_AVDA. GRAL. URRUTIA", "number": "44", "address": "General Urrutia - Av. de la Plata", "open": "T", "available": "17", "free": "2", "total": "19", "ticket": "T", "updated_at": "16\/12\/2019 09:44:55" }, "geometry": { "type": "Point", "coordinates": [ 726882.491, 4370748.231 ] } },
{ "type": "Feature", "properties": { "name": "45_AVDA. GRAL. URRUTIA", "number": "45", "address": "Hermanos Maristas - General Urrutia", "open": "T", "available": "12", "free": "3", "total": "15", "ticket": "F", "updated_at": "16\/12\/2019 09:44:55" }, "geometry": { "type": "Point", "coordinates": [ 726990.707, 4370461.433 ] } },
{ "type": "Feature", "properties": { "name": "209_AVDA_GASPAR_AGUILAR_ESQ_CALLE_MUSICO_PENELLA", "number": "209", "address": "Gaspar Aguilar - Músico Penella", "open": "T", "available": "16", "free": "2", "total": "18", "ticket": "T", "updated_at": "16\/12\/2019 09:44:55" }, "geometry": { "type": "Point", "coordinates": [ 724314.852, 4370190.576 ] } },
{ "type": "Feature", "properties": { "name": "210_CALLE_CAMPOS_CRESPO_ESQ_CALLE_JUAN_DE_GARAY", "number": "210", "address": "Campos Crespo - Juan de Garay", "open": "T", "available": "7", "free": "8", "total": "15", "ticket": "T", "updated_at": "16\/12\/2019 09:44:55" }, "geometry": { "type": "Point", "coordinates": [ 723985.229, 4370566.657 ] } },
{ "type": "Feature", "properties": { "name": "211_CALLE_FRAY_JUNÍPERO_SERRA_ESQ_CALLE_VALL_D'UIX", "number": "211", "address": "Fray Junípero Serra - Vall d'Uixó", "open": "T", "available": "2", "free": "13", "total": "15", "ticket": "F", "updated_at": "16\/12\/2019 09:44:55" }, "geometry": { "type": "Point", "coordinates": [ 723885.477, 4370916.28 ] } },
{ "type": "Feature", "properties": { "name": "266_PLANA_ALTA_ESQ_AVDA_MAESTRO_RODRIGO", "number": "266", "address": "Canal de Navarrés - Maestro Rodrigo", "open": "T", "available": "10", "free": "8", "total": "18", "ticket": "T", "updated_at": "16\/12\/2019 09:44:55" }, "geometry": { "type": "Point", "coordinates": [ 723043.372, 4374398.48 ] } },
{ "type": "Feature", "properties": { "name": "267_C_BENIFERRI_VICENTE_TOMAS_MARTI", "number": "267", "address": "Beniferri - Vicent Tomás Martí", "open": "T", "available": "6", "free": "10", "total": "16", "ticket": "F", "updated_at": "16\/12\/2019 09:44:55" }, "geometry": { "type": "Point", "coordinates": [ 723068.981, 4374830.155 ] } },
{ "type": "Feature", "properties": { "name": "269_CAMPAMENTO_81", "number": "269", "address": "Campamento, 81", "open": "T", "available": "2", "free": "12", "total": "15", "ticket": "F", "updated_at": "16\/12\/2019 09:44:55" }, "geometry": { "type": "Point", "coordinates": [ 721301.976, 4375417.006 ] } },
{ "type": "Feature", "properties": { "name": "270_CALLE_NINOT_ESQ_PZA_REGINO_MAS", "number": "270", "address": "Ninot - Regino Mas", "open": "T", "available": "3", "free": "13", "total": "16", "ticket": "T", "updated_at": "16\/12\/2019 09:44:55" }, "geometry": { "type": "Point", "coordinates": [ 724171.478, 4375518.246 ] } },
{ "type": "Feature", "properties": { "name": "271_CALLE_SALVADOR_CERVERÓ_CALLE_CARLOS_CORTINA", "number": "271", "address": "Salvador Cerveró - Carlos Cortina", "open": "T", "available": "0", "free": "15", "total": "15", "ticket": "F", "updated_at": "16\/12\/2019 09:44:55" }, "geometry": { "type": "Point", "coordinates": [ 724431.858, 4375437.359 ] } },
{ "type": "Feature", "properties": { "name": "272_VICENTE_LA_RODA_C_INGENIERO_FAUSTO_ELIO", "number": "272", "address": "Vicente la Roda - Ingeniero Fausto Elio", "open": "T", "available": "9", "free": "6", "total": "15", "ticket": "F", "updated_at": "16\/12\/2019 09:44:55" }, "geometry": { "type": "Point", "coordinates": [ 729455.38, 4373511.941 ] } },
{ "type": "Feature", "properties": { "name": "080_AMADEO SAVOIA", "number": "80", "address": "Amadeo de Saboya (frente Ayuntamiento)", "open": "T", "available": "15", "free": "10", "total": "25", "ticket": "F", "updated_at": "16\/12\/2019 09:44:55" }, "geometry": { "type": "Point", "coordinates": [ 726887.83, 4372671.832 ] } },
{ "type": "Feature", "properties": { "name": "081_DOCTOR FORNOS", "number": "81", "address": "Micer Mascó - Rodriguez Fornos", "open": "T", "available": "17", "free": "3", "total": "20", "ticket": "F", "updated_at": "16\/12\/2019 09:44:55" }, "geometry": { "type": "Point", "coordinates": [ 726996.881, 4372829.01 ] } },
{ "type": "Feature", "properties": { "name": "123_C_ALBOCACER", "number": "123", "address": "Albocácer - Vinaroz", "open": "T", "available": "1", "free": "18", "total": "20", "ticket": "F", "updated_at": "16\/12\/2019 09:44:55" }, "geometry": { "type": "Point", "coordinates": [ 726623.813, 4374211.594 ] } },
{ "type": "Feature", "properties": { "name": "124_C\/ AZAGADOR DE ALBORAYA", "number": "124", "address": "Azagador de Alboraya - Dolores Marqués", "open": "T", "available": "1", "free": "24", "total": "25", "ticket": "T", "updated_at": "16\/12\/2019 09:44:55" }, "geometry": { "type": "Point", "coordinates": [ 726869.344, 4374310.996 ] } },
{ "type": "Feature", "properties": { "name": "125_C\/ MASQUEFA", "number": "125", "address": "Masquefa, 42 - 44", "open": "T", "available": "0", "free": "15", "total": "15", "ticket": "F", "updated_at": "16\/12\/2019 09:44:55" }, "geometry": { "type": "Point", "coordinates": [ 727152.481, 4374451.727 ] } },
{ "type": "Feature", "properties": { "name": "126_C\/ ALFAUIR", "number": "126", "address": "Alfahuir - José Chabas Bordehore", "open": "T", "available": "13", "free": "7", "total": "20", "ticket": "F", "updated_at": "16\/12\/2019 09:44:55" }, "geometry": { "type": "Point", "coordinates": [ 727013.588, 4374825.945 ] } },
{ "type": "Feature", "properties": { "name": "127_C\/ DUQUE DE MANDAS", "number": "127", "address": "Alfahuir - Duque de Mandas", "open": "T", "available": "11", "free": "9", "total": "20", "ticket": "F", "updated_at": "16\/12\/2019 09:44:55" }, "geometry": { "type": "Point", "coordinates": [ 726648.299, 4374536.718 ] } },
{ "type": "Feature", "properties": { "name": "139_C\/ REUS", "number": "139", "address": "Reus - Alquería de la Estrella", "open": "T", "available": "5", "free": "10", "total": "15", "ticket": "F", "updated_at": "16\/12\/2019 09:44:55" }, "geometry": { "type": "Point", "coordinates": [ 725079.185, 4373948.236 ] } },
{ "type": "Feature", "properties": { "name": "140_AVENIDA_CAMPANAR", "number": "140", "address": "Campanar - Nicasio Benlloch", "open": "T", "available": "1", "free": "19", "total": "20", "ticket": "F", "updated_at": "16\/12\/2019 09:44:55" }, "geometry": { "type": "Point", "coordinates": [ 724493.172, 4374186.525 ] } },
{ "type": "Feature", "properties": { "name": "158_DR.LLUNCH", "number": "158", "address": "Doctor Lluch - Virgen del Sufragio", "open": "T", "available": "14", "free": "1", "total": "15", "ticket": "F", "updated_at": "16\/12\/2019 09:44:55" }, "geometry": { "type": "Point", "coordinates": [ 729885.844, 4371977.616 ] } },
{ "type": "Feature", "properties": { "name": "160_JOSE MARIA DE HARO", "number": "160", "address": "José María de Haro - Justo y Pastor", "open": "T", "available": "11", "free": "9", "total": "20", "ticket": "F", "updated_at": "16\/12\/2019 09:44:55" }, "geometry": { "type": "Point", "coordinates": [ 728914.788, 4372019.751 ] } },
{ "type": "Feature", "properties": { "name": "161_MEDITERRANEO", "number": "161", "address": "Mediterráneo - Plaza Cruz de Cañamelar", "open": "T", "available": "5", "free": "10", "total": "15", "ticket": "F", "updated_at": "16\/12\/2019 09:44:55" }, "geometry": { "type": "Point", "coordinates": [ 729536.909, 4372108.482 ] } },
{ "type": "Feature", "properties": { "name": "162_PZA. ARMADA ESPAÑOLA", "number": "162", "address": "Armada Española - Mariano Cuber", "open": "T", "available": "17", "free": "2", "total": "19", "ticket": "F", "updated_at": "16\/12\/2019 09:44:55" }, "geometry": { "type": "Point", "coordinates": [ 729717.409, 4371628.874 ] } },
{ "type": "Feature", "properties": { "name": "163_PASEO NEPTUNO", "number": "163", "address": "Paseo Neptuno 32-34", "open": "T", "available": "10", "free": "10", "total": "20", "ticket": "T", "updated_at": "16\/12\/2019 09:44:55" }, "geometry": { "type": "Point", "coordinates": [ 730264.816, 4371737.667 ] } },
{ "type": "Feature", "properties": { "name": "164_PAVIA 1", "number": "164", "address": "Pavía - Columbretes", "open": "T", "available": "8", "free": "9", "total": "17", "ticket": "F", "updated_at": "16\/12\/2019 09:44:55" }, "geometry": { "type": "Point", "coordinates": [ 730145.464, 4372181.084 ] } },
{ "type": "Feature", "properties": { "name": "165_PAVIA 2", "number": "165", "address": "Pavía - Espadán", "open": "T", "available": "5", "free": "15", "total": "20", "ticket": "T", "updated_at": "16\/12\/2019 09:44:55" }, "geometry": { "type": "Point", "coordinates": [ 730141.246, 4372508.598 ] } },
{ "type": "Feature", "properties": { "name": "170_PAVIA 5", "number": "170", "address": "Isabel de Villena - Mendizábal", "open": "T", "available": "2", "free": "18", "total": "20", "ticket": "F", "updated_at": "16\/12\/2019 09:44:55" }, "geometry": { "type": "Point", "coordinates": [ 730037.393, 4373790.296 ] } },
{ "type": "Feature", "properties": { "name": "171_CALLE GRAN CANARIA", "number": "171", "address": "Gran Canaria - Ingeniero Manuel Maese", "open": "T", "available": "1", "free": "7", "total": "15", "ticket": "F", "updated_at": "16\/12\/2019 09:44:55" }, "geometry": { "type": "Point", "coordinates": [ 729721.075, 4373790.572 ] } },
{ "type": "Feature", "properties": { "name": "172_AVENIDA_PIO_XII", "number": "172", "address": "Pío XII - Campanar", "open": "T", "available": "1", "free": "19", "total": "20", "ticket": "T", "updated_at": "16\/12\/2019 09:44:55" }, "geometry": { "type": "Point", "coordinates": [ 724192.082, 4373451.012 ] } },
{ "type": "Feature", "properties": { "name": "173_AVENIDA_PIO_XII_34", "number": "173", "address": "Pío XII - Monestir de Poblet", "open": "T", "available": "1", "free": "18", "total": "20", "ticket": "F", "updated_at": "16\/12\/2019 09:44:55" }, "geometry": { "type": "Point", "coordinates": [ 724067.53, 4373789.471 ] } },
{ "type": "Feature", "properties": { "name": "180_AVENIDA_DOCTOR_WAKSMAN", "number": "180", "address": "Doctor Waksman - Nieves", "open": "T", "available": "2", "free": "18", "total": "20", "ticket": "T", "updated_at": "16\/12\/2019 09:44:55" }, "geometry": { "type": "Point", "coordinates": [ 726223.891, 4370683.656 ] } },
{ "type": "Feature", "properties": { "name": "54_PASEO ALAMEDA", "number": "54", "address": "Plaza de Europa", "open": "T", "available": "14", "free": "6", "total": "20", "ticket": "T", "updated_at": "16\/12\/2019 09:44:55" }, "geometry": { "type": "Point", "coordinates": [ 727759.956, 4371146.034 ] } },
{ "type": "Feature", "properties": { "name": "082_GUILLEN_DE_CASTRO_TORRES_DE_QUART", "number": "82", "address": "Guillem de Castro (Torres de Quart)", "open": "T", "available": "0", "free": "14", "total": "15", "ticket": "F", "updated_at": "16\/12\/2019 09:44:55" }, "geometry": { "type": "Point", "coordinates": [ 725020.763, 4372874.455 ] } },
{ "type": "Feature", "properties": { "name": "83_PZA. DE LA LEGIÓN ESPAÑOLA", "number": "83", "address": "General Elio - Llano del Real", "open": "T", "available": "24", "free": "1", "total": "25", "ticket": "T", "updated_at": "16\/12\/2019 09:44:55" }, "geometry": { "type": "Point", "coordinates": [ 726473.43, 4373086.657 ] } },
{ "type": "Feature", "properties": { "name": "84_SERRERIA_ESQ_PINTOR FERRER CALATAYUD", "number": "84", "address": "Serrería, 67", "open": "T", "available": "9", "free": "6", "total": "15", "ticket": "F", "updated_at": "16\/12\/2019 09:44:55" }, "geometry": { "type": "Point", "coordinates": [ 729243.245, 4372024.795 ] } },
{ "type": "Feature", "properties": { "name": "085_AVDA_BLASCO IBAÑEZ 1", "number": "85", "address": "Blasco Ibañez - Jaime Roig", "open": "T", "available": "23", "free": "0", "total": "23", "ticket": "F", "updated_at": "16\/12\/2019 09:44:55" }, "geometry": { "type": "Point", "coordinates": [ 726661.312, 4373300.906 ] } },
{ "type": "Feature", "properties": { "name": "86_AVDA_GASPAR_AGUILAR_ESQ_VICENTE_PARRA", "number": "86", "address": "Gaspar Aguilar - Vicente Parra", "open": "T", "available": "10", "free": "9", "total": "20", "ticket": "T", "updated_at": "16\/12\/2019 09:44:55" }, "geometry": { "type": "Point", "coordinates": [ 724461.496, 4370545.659 ] } },
{ "type": "Feature", "properties": { "name": "87_AVDA BLASCO IBAÑEZ 2", "number": "87", "address": "Blasco Ibañez - Doctor Gómez Ferrer (Clínico)", "open": "T", "available": "32", "free": "0", "total": "33", "ticket": "T", "updated_at": "16\/12\/2019 09:44:55" }, "geometry": { "type": "Point", "coordinates": [ 726908.261, 4373203.037 ] } },
{ "type": "Feature", "properties": { "name": "088_AVDA. BLASCO IBAÑEZ 3", "number": "88", "address": "Blasco Ibañez, 28 (F. Geografía e Historia)", "open": "T", "available": "27", "free": "13", "total": "40", "ticket": "T", "updated_at": "16\/12\/2019 09:44:55" }, "geometry": { "type": "Point", "coordinates": [ 726975.018, 4373093.228 ] } },
{ "type": "Feature", "properties": { "name": "89_AVDA. BLASCO IBAÑEZ", "number": "89", "address": "Blasco Ibañez, 23 (F. Filosofía y Psicología)", "open": "T", "available": "28", "free": "2", "total": "30", "ticket": "F", "updated_at": "16\/12\/2019 09:44:55" }, "geometry": { "type": "Point", "coordinates": [ 727130.984, 4373130.018 ] } },
{ "type": "Feature", "properties": { "name": "93_AVADA_BLASCO_IBAÑEZ_DESP_C_POETA_DURAN_TORTAJAD", "number": "93", "address": "Blasco Ibañez - Poeta Durán Tortajada", "open": "T", "available": "9", "free": "28", "total": "38", "ticket": "T", "updated_at": "16\/12\/2019 09:44:55" }, "geometry": { "type": "Point", "coordinates": [ 728483.208, 4372556.514 ] } },
{ "type": "Feature", "properties": { "name": "094_AVDA. BLASCO IBAÑEZ 5", "number": "94", "address": "Blasco Ibañez - Clariano", "open": "T", "available": "6", "free": "14", "total": "20", "ticket": "F", "updated_at": "16\/12\/2019 09:44:55" }, "geometry": { "type": "Point", "coordinates": [ 727804.295, 4372880.486 ] } },
{ "type": "Feature", "properties": { "name": "95_AVDA. DE LOS NARANJOS", "number": "95", "address": "Naranjos (Magisterio)", "open": "T", "available": "31", "free": "2", "total": "33", "ticket": "F", "updated_at": "16\/12\/2019 09:44:55" }, "geometry": { "type": "Point", "coordinates": [ 728259.769, 4373389.066 ] } },
{ "type": "Feature", "properties": { "name": "096_AVDA. BLASCO IBAÑEZ 6", "number": "96", "address": "Blasco Ibañez - Yecla", "open": "T", "available": "0", "free": "21", "total": "21", "ticket": "T", "updated_at": "16\/12\/2019 09:44:55" }, "geometry": { "type": "Point", "coordinates": [ 728100.083, 4372686.544 ] } },
{ "type": "Feature", "properties": { "name": "103_RUBEN DARIO", "number": "103", "address": "Rubén Darío - Plaza Fray Luis Colomer", "open": "T", "available": "2", "free": "13", "total": "15", "ticket": "F", "updated_at": "16\/12\/2019 09:44:55" }, "geometry": { "type": "Point", "coordinates": [ 727726.47, 4373219.828 ] } },
{ "type": "Feature", "properties": { "name": "104_ALBALAT DELS TARONGERS", "number": "104", "address": "Albalat dels Tarongers - Paseo Facultades", "open": "T", "available": "14", "free": "6", "total": "20", "ticket": "T", "updated_at": "16\/12\/2019 09:44:55" }, "geometry": { "type": "Point", "coordinates": [ 728165.066, 4373225.292 ] } },
{ "type": "Feature", "properties": { "name": "105_AVDA. DE LOS NARANJOS", "number": "105", "address": "Aularios Universidad de Valencia", "open": "T", "available": "29", "free": "1", "total": "30", "ticket": "F", "updated_at": "16\/12\/2019 09:44:55" }, "geometry": { "type": "Point", "coordinates": [ 728404.34, 4373155.018 ] } },
{ "type": "Feature", "properties": { "name": "120_C_DR VICENTE ZARAGOZA", "number": "120", "address": "Doctor Vicente Zaragozá - Emilio Baró", "open": "T", "available": "12", "free": "5", "total": "18", "ticket": "T", "updated_at": "16\/12\/2019 09:44:55" }, "geometry": { "type": "Point", "coordinates": [ 726873.293, 4373908.823 ] } },
{ "type": "Feature", "properties": { "name": "176_CAMINO_DE_MONCADA_52", "number": "176", "address": "Cno. Moncada - Pedro Patricio Mey", "open": "T", "available": "0", "free": "20", "total": "20", "ticket": "F", "updated_at": "16\/12\/2019 09:44:55" }, "geometry": { "type": "Point", "coordinates": [ 725404.568, 4374658.835 ] } },
{ "type": "Feature", "properties": { "name": "177_CALLE_ALCUDIA", "number": "177", "address": "Alcudia de Crespins - Pedro Patricio Mey", "open": "T", "available": "0", "free": "15", "total": "15", "ticket": "F", "updated_at": "16\/12\/2019 09:44:55" }, "geometry": { "type": "Point", "coordinates": [ 725861.045, 4374841.896 ] } },
{ "type": "Feature", "properties": { "name": "178_CALLE_REIG_GENOVES", "number": "178", "address": "Reig Genovés - Ramón Contreras Mongrell", "open": "T", "available": "3", "free": "17", "total": "20", "ticket": "F", "updated_at": "16\/12\/2019 09:44:55" }, "geometry": { "type": "Point", "coordinates": [ 726121.82, 4374701.859 ] } },
{ "type": "Feature", "properties": { "name": "012_CALLE_MINYANA", "number": "12", "address": "Calle Salvá - Calle Poeta Querol", "open": "T", "available": "11", "free": "9", "total": "20", "ticket": "T", "updated_at": "16\/12\/2019 09:44:55" }, "geometry": { "type": "Point", "coordinates": [ 725886.009, 4372445.348 ] } },
{ "type": "Feature", "properties": { "name": "90_AVDA. BLASCO IBAÑEZ", "number": "90", "address": "Blasco Ibañez, 32 (F. Filología)", "open": "T", "available": "40", "free": "0", "total": "40", "ticket": "F", "updated_at": "16\/12\/2019 09:44:55" }, "geometry": { "type": "Point", "coordinates": [ 727164.655, 4373012.352 ] } },
{ "type": "Feature", "properties": { "name": "102_AVDA.RAMON LLUL", "number": "102", "address": "Ramón Llull - Serpis", "open": "T", "available": "20", "free": "0", "total": "20", "ticket": "F", "updated_at": "16\/12\/2019 09:44:55" }, "geometry": { "type": "Point", "coordinates": [ 728221.158, 4372943.306 ] } },
{ "type": "Feature", "properties": { "name": "174_CALLE_MONDUBER", "number": "174", "address": "Monduber - Peset Aleixandre", "open": "T", "available": "11", "free": "8", "total": "19", "ticket": "T", "updated_at": "16\/12\/2019 09:44:55" }, "geometry": { "type": "Point", "coordinates": [ 724742.544, 4374353.071 ] } },
{ "type": "Feature", "properties": { "name": "175_CALLE_JUAN_XXIII", "number": "175", "address": "Juan XXIII - Domingo Gómez", "open": "T", "available": "6", "free": "9", "total": "15", "ticket": "T", "updated_at": "16\/12\/2019 09:44:55" }, "geometry": { "type": "Point", "coordinates": [ 725070.824, 4374712.673 ] } },
{ "type": "Feature", "properties": { "name": "253_PLAZA_JOSE_MELIA_CASTELLO_CAMPOS_CRESPO", "number": "253", "address": "José Meliá Castelló - Campos Crespo", "open": "T", "available": "10", "free": "5", "total": "15", "ticket": "F", "updated_at": "16\/12\/2019 09:44:55" }, "geometry": { "type": "Point", "coordinates": [ 723616.945, 4370241.96 ] } },
{ "type": "Feature", "properties": { "name": "254_AVDA_DR_TOMAS_SALA_CARTEROS", "number": "254", "address": "Doctor Tomás Sala - Carteros", "open": "T", "available": "0", "free": "19", "total": "19", "ticket": "T", "updated_at": "16\/12\/2019 09:44:55" }, "geometry": { "type": "Point", "coordinates": [ 724595.497, 4369713.435 ] } },
{ "type": "Feature", "properties": { "name": "262_AVDA_TRES_FORQUES_COLONIA_ESPANOLA_DE_MEXICO", "number": "262", "address": "Tres Forques - Colonia Española de Mexico", "open": "T", "available": "18", "free": "2", "total": "20", "ticket": "T", "updated_at": "16\/12\/2019 09:44:55" }, "geometry": { "type": "Point", "coordinates": [ 722883.536, 4371414.658 ] } },
{ "type": "Feature", "properties": { "name": "263_PADRE ESTEBAN_PERNET_ANTES_CASA_MISERICORDIA", "number": "263", "address": "Padre Esteban Pernet - Casa Misericordia", "open": "T", "available": "5", "free": "13", "total": "18", "ticket": "F", "updated_at": "16\/12\/2019 09:44:55" }, "geometry": { "type": "Point", "coordinates": [ 722836.087, 4371810.01 ] } },
{ "type": "Feature", "properties": { "name": "013_PZA. ALFONSO MAGNANIMO_CON_CALLE_LA_NAVE", "number": "13", "address": "Alfonso el Magnánimo - Nave", "open": "T", "available": "23", "free": "1", "total": "24", "ticket": "T", "updated_at": "16\/12\/2019 09:44:55" }, "geometry": { "type": "Point", "coordinates": [ 726155.487, 4372463.775 ] } },
{ "type": "Feature", "properties": { "name": "179_AVENIDA_DE_LA_PLATA_45", "number": "179", "address": "Av. de la Plata - Zapadores", "open": "T", "available": "0", "free": "23", "total": "23", "ticket": "F", "updated_at": "16\/12\/2019 09:44:55" }, "geometry": { "type": "Point", "coordinates": [ 726591.991, 4370633.414 ] } },
{ "type": "Feature", "properties": { "name": "181_CALLE_DEL_SALINAR", "number": "181", "address": "Zapadores, 23", "open": "T", "available": "0", "free": "15", "total": "15", "ticket": "T", "updated_at": "16\/12\/2019 09:44:55" }, "geometry": { "type": "Point", "coordinates": [ 726431.916, 4370909.48 ] } },
{ "type": "Feature", "properties": { "name": "182_AVDA_AUSIAS_MARCH", "number": "182", "address": "Ausias March - Pianista Amparo Iturbi", "open": "T", "available": "0", "free": "15", "total": "21", "ticket": "F", "updated_at": "16\/12\/2019 09:44:55" }, "geometry": { "type": "Point", "coordinates": [ 725857.325, 4370607.531 ] } },
{ "type": "Feature", "properties": { "name": "198_CALLE_FONTANARS_DELS_AFORINS", "number": "198", "address": "Fontanars dels Aforins - Vall d'Uixó", "open": "T", "available": "1", "free": "19", "total": "20", "ticket": "T", "updated_at": "16\/12\/2019 09:44:55" }, "geometry": { "type": "Point", "coordinates": [ 724088.606, 4371161.449 ] } },
{ "type": "Feature", "properties": { "name": "199_CALLE_BEATO_NICOLAS_FACTOR", "number": "199", "address": "Beato Nicolás Factor - Convento de Jesús", "open": "T", "available": "6", "free": "9", "total": "15", "ticket": "F", "updated_at": "16\/12\/2019 09:44:55" }, "geometry": { "type": "Point", "coordinates": [ 724409.686, 4371249.394 ] } },
{ "type": "Feature", "properties": { "name": "200_AVDA_DEL_CID", "number": "200", "address": "Av. del Cid - Julián Peña", "open": "T", "available": "1", "free": "14", "total": "15", "ticket": "F", "updated_at": "16\/12\/2019 09:44:55" }, "geometry": { "type": "Point", "coordinates": [ 724247.446, 4371927.825 ] } },
{ "type": "Feature", "properties": { "name": "221_AVDA_MANUEL_DE_FALLA_ESQ_CALLE_HERNANDEZ_LAZAR", "number": "221", "address": "Manuel de Falla - Hernández Lázaro", "open": "T", "available": "4", "free": "16", "total": "20", "ticket": "T", "updated_at": "16\/12\/2019 09:44:55" }, "geometry": { "type": "Point", "coordinates": [ 723394.032, 4372740.052 ] } },
{ "type": "Feature", "properties": { "name": "223_CALLE_VALLE_BALLESTERA_ESQ_PLAZA_POLICIA_LOCAL", "number": "223", "address": "Valle de la Ballestera - Hospital Nueve de Octubre", "open": "T", "available": "11", "free": "9", "total": "20", "ticket": "T", "updated_at": "16\/12\/2019 09:44:55" }, "geometry": { "type": "Point", "coordinates": [ 723526.821, 4373109.163 ] } },
{ "type": "Feature", "properties": { "name": "230_CALLE_POETA_SERRANO_CLAVERO_EQ_GENERAL_LLORENS", "number": "230", "address": "Poeta Serrano Clavero - General Llorens", "open": "T", "available": "0", "free": "15", "total": "15", "ticket": "F", "updated_at": "16\/12\/2019 09:44:55" }, "geometry": { "type": "Point", "coordinates": [ 724713.645, 4374942.378 ] } },
{ "type": "Feature", "properties": { "name": "231_CALLE_DE_ALCAÑIZ_ESQ_CALLE_CAMBRILS", "number": "231", "address": "Alcañiz - Cambrils", "open": "T", "available": "0", "free": "15", "total": "15", "ticket": "T", "updated_at": "16\/12\/2019 09:44:55" }, "geometry": { "type": "Point", "coordinates": [ 725414.648, 4374998.531 ] } },
{ "type": "Feature", "properties": { "name": "232_SAN_VICENTE_DE_PAUL_SANTIAGO_RUSIÑOL", "number": "232", "address": "San Vicente Paul - Santiago Rusiñol", "open": "T", "available": "4", "free": "11", "total": "15", "ticket": "T", "updated_at": "16\/12\/2019 09:44:55" }, "geometry": { "type": "Point", "coordinates": [ 726522.722, 4374983.326 ] } },
{ "type": "Feature", "properties": { "name": "233_SAN_JUAN_BOSCO_SANTIAGO_RUSIÑOL", "number": "233", "address": "San Juan Bosco - Santiago Rusiñol", "open": "T", "available": "7", "free": "8", "total": "15", "ticket": "T", "updated_at": "16\/12\/2019 09:44:55" }, "geometry": { "type": "Point", "coordinates": [ 726197.725, 4375253.346 ] } },
{ "type": "Feature", "properties": { "name": "249_AVDA_TRES_CRUCES_SEGUNDA_REPUBLICA_ESPAÑOLA", "number": "249", "address": "Tres Cruces - Segunda República Española", "open": "T", "available": "0", "free": "15", "total": "15", "ticket": "F", "updated_at": "16\/12\/2019 09:44:55" }, "geometry": { "type": "Point", "coordinates": [ 723454.207, 4370990.489 ] } },
{ "type": "Feature", "properties": { "name": "250_AVDA_TRES_CRUCES_PIO_XI", "number": "250", "address": "Tres Cruces - Pio XI", "open": "T", "available": "1", "free": "14", "total": "15", "ticket": "F", "updated_at": "16\/12\/2019 09:44:55" }, "geometry": { "type": "Point", "coordinates": [ 723630.675, 4370645.181 ] } },
{ "type": "Feature", "properties": { "name": "251_ARQUITECTO_SEGURA_LAGO_CAMINO_NUEVO_DE_PICAÑA", "number": "251", "address": "Arquitecto Segura del Lago - Camino Nuevo de Picaña", "open": "T", "available": "10", "free": "5", "total": "15", "ticket": "T", "updated_at": "16\/12\/2019 09:44:55" }, "geometry": { "type": "Point", "coordinates": [ 723322.006, 4370578.296 ] } },
{ "type": "Feature", "properties": { "name": "252_DE_LOS_GREMIOS_CAMPOS_CRESPO", "number": "252", "address": "Dels Gremis - Campos Crespo", "open": "T", "available": "5", "free": "15", "total": "20", "ticket": "T", "updated_at": "16\/12\/2019 09:44:55" }, "geometry": { "type": "Point", "coordinates": [ 723411.93, 4369965.202 ] } },
{ "type": "Feature", "properties": { "name": "014_BARÓN CARCER", "number": "14", "address": "Huesca - Barón de Cárcer", "open": "T", "available": "13", "free": "6", "total": "20", "ticket": "T", "updated_at": "16\/12\/2019 09:44:55" }, "geometry": { "type": "Point", "coordinates": [ 725404.105, 4372098.033 ] } },
{ "type": "Feature", "properties": { "name": "015_RIBERA", "number": "15", "address": "Ribera - Plaza Ayuntamiento", "open": "T", "available": "15", "free": "19", "total": "34", "ticket": "T", "updated_at": "16\/12\/2019 09:44:55" }, "geometry": { "type": "Point", "coordinates": [ 725755.339, 4372121.702 ] } },
{ "type": "Feature", "properties": { "name": "016_COLON I", "number": "16", "address": "Colón, 60", "open": "T", "available": "20", "free": "0", "total": "20", "ticket": "T", "updated_at": "16\/12\/2019 09:44:55" }, "geometry": { "type": "Point", "coordinates": [ 726199.811, 4372246.206 ] } },
{ "type": "Feature", "properties": { "name": "017_ESTACION RENFE I", "number": "17", "address": "Xátiva - Bailén (Estación del Norte)", "open": "T", "available": "31", "free": "9", "total": "40", "ticket": "T", "updated_at": "16\/12\/2019 09:44:55" }, "geometry": { "type": "Point", "coordinates": [ 725621.027, 4371937.812 ] } },
{ "type": "Feature", "properties": { "name": "025_CALLE_DEL_ALBERIC", "number": "25", "address": "Alberique, 18 (Abastos)", "open": "T", "available": "16", "free": "7", "total": "23", "ticket": "T", "updated_at": "16\/12\/2019 09:44:55" }, "geometry": { "type": "Point", "coordinates": [ 724643.583, 4371938.41 ] } },
{ "type": "Feature", "properties": { "name": "026_CALLE_SAN_JOSE_DE_CALASANZ", "number": "26", "address": "San José de Calasanz - Salas Quiroga", "open": "T", "available": "1", "free": "14", "total": "15", "ticket": "F", "updated_at": "16\/12\/2019 09:44:55" }, "geometry": { "type": "Point", "coordinates": [ 724868.606, 4371774.515 ] } },
{ "type": "Feature", "properties": { "name": "027_CALLE_SAN_VICENTE_MARTIR_129", "number": "27", "address": "San Vicente Martir - Doctor Vilá Barberá", "open": "T", "available": "14", "free": "6", "total": "20", "ticket": "F", "updated_at": "16\/12\/2019 09:44:55" }, "geometry": { "type": "Point", "coordinates": [ 725239.192, 4371470.541 ] } },
{ "type": "Feature", "properties": { "name": "028_NAVARRO REVERTE", "number": "28", "address": "Navarro Reverter - Grabador Esteve", "open": "T", "available": "23", "free": "6", "total": "29", "ticket": "F", "updated_at": "16\/12\/2019 09:44:55" }, "geometry": { "type": "Point", "coordinates": [ 726425.72, 4372418.341 ] } },
{ "type": "Feature", "properties": { "name": "029_PLAZA AMERICA", "number": "29", "address": "Plaza América - Cirilo Amorós - Sorní", "open": "T", "available": "20", "free": "0", "total": "20", "ticket": "T", "updated_at": "16\/12\/2019 09:44:55" }, "geometry": { "type": "Point", "coordinates": [ 726641.444, 4372261.334 ] } },
{ "type": "Feature", "properties": { "name": "030_CIRILO AMOROS", "number": "30", "address": "Cirilo Amorós - Jorge Juan (Mercado Colón)", "open": "T", "available": "20", "free": "0", "total": "20", "ticket": "F", "updated_at": "16\/12\/2019 09:44:55" }, "geometry": { "type": "Point", "coordinates": [ 726371.036, 4372085.56 ] } },
{ "type": "Feature", "properties": { "name": "031_CALLE SALAMANCA", "number": "31", "address": "Salamanca - Conde Altea", "open": "T", "available": "6", "free": "14", "total": "20", "ticket": "F", "updated_at": "16\/12\/2019 09:44:55" }, "geometry": { "type": "Point", "coordinates": [ 726673.679, 4371957.09 ] } },
{ "type": "Feature", "properties": { "name": "032_C\/ CONDE DE ALTEA", "number": "32", "address": "Conde Altea - Almirante Cadarso", "open": "T", "available": "15", "free": "5", "total": "20", "ticket": "T", "updated_at": "16\/12\/2019 09:44:55" }, "geometry": { "type": "Point", "coordinates": [ 726401.133, 4371798.141 ] } },
{ "type": "Feature", "properties": { "name": "033_GRAN_VIA_GERMANIAS_ESQ_CALLE_RUZAFA", "number": "33", "address": "Germanías - Ruzafa", "open": "T", "available": "10", "free": "10", "total": "20", "ticket": "T", "updated_at": "16\/12\/2019 09:44:55" }, "geometry": { "type": "Point", "coordinates": [ 725910.856, 4371651.849 ] } },
{ "type": "Feature", "properties": { "name": "34_AVDA. ANTIGUO REINO DE VALENCIA", "number": "34", "address": "Regne de Valencia - Doctor Sumsi", "open": "T", "available": "2", "free": "15", "total": "17", "ticket": "F", "updated_at": "16\/12\/2019 09:44:55" }, "geometry": { "type": "Point", "coordinates": [ 726259.768, 4371584.704 ] } },
{ "type": "Feature", "properties": { "name": "201_AVDA_PEREZ_GALDOS", "number": "201", "address": "Perez Galdós - Nou Moles", "open": "T", "available": "2", "free": "17", "total": "20", "ticket": "F", "updated_at": "16\/12\/2019 09:44:55" }, "geometry": { "type": "Point", "coordinates": [ 724195.618, 4372367.93 ] } },
{ "type": "Feature", "properties": { "name": "203_CALLE_REINA_VIOLANTE", "number": "203", "address": "Reina Violante - Escultor García Mas", "open": "T", "available": "8", "free": "7", "total": "15", "ticket": "F", "updated_at": "16\/12\/2019 09:44:55" }, "geometry": { "type": "Point", "coordinates": [ 723507.867, 4373780.853 ] } },
{ "type": "Feature", "properties": { "name": "204_AVDA_GENERAL_AVILES", "number": "204", "address": "Corts Valencianes - General Avilés", "open": "T", "available": "10", "free": "9", "total": "20", "ticket": "F", "updated_at": "16\/12\/2019 09:44:55" }, "geometry": { "type": "Point", "coordinates": [ 723899.147, 4373929.248 ] } },
{ "type": "Feature", "properties": { "name": "205_CALLE_NICASIO_BENLLOCH", "number": "205", "address": "Nicasio Benlloch - Amics dels Corpus", "open": "T", "available": "1", "free": "23", "total": "24", "ticket": "T", "updated_at": "16\/12\/2019 09:44:55" }, "geometry": { "type": "Point", "coordinates": [ 724188.869, 4374320.244 ] } },
{ "type": "Feature", "properties": { "name": "206_CALLE_PERIODISTA_GIL_SUMBIELA", "number": "206", "address": "Periodista Gil Sumbiela - Poeta Serrano Clavero", "open": "T", "available": "0", "free": "15", "total": "15", "ticket": "F", "updated_at": "16\/12\/2019 09:44:55" }, "geometry": { "type": "Point", "coordinates": [ 724529.022, 4374710.606 ] } },
{ "type": "Feature", "properties": { "name": "207_CALLE_MILLARES_ESQ_CALLE_FEDERICO_GARCA_LORCA", "number": "207", "address": "Giorgeta, 64", "open": "T", "available": "0", "free": "15", "total": "15", "ticket": "F", "updated_at": "16\/12\/2019 09:44:55" }, "geometry": { "type": "Point", "coordinates": [ 725260.252, 4370585.826 ] } },
{ "type": "Feature", "properties": { "name": "208_CALLE_CARTEROS_ESQ_CALLE_MOSSEN_FEBRER", "number": "208", "address": "Carteros - Mossen Febrer", "open": "T", "available": "0", "free": "20", "total": "20", "ticket": "F", "updated_at": "16\/12\/2019 09:44:55" }, "geometry": { "type": "Point", "coordinates": [ 724697.936, 4370158.341 ] } },
{ "type": "Feature", "properties": { "name": "219_CALLE_CASTAN_TOBEÑAS_ESQ_CALLE_VELAZQUEZ", "number": "219", "address": "Castán Tobeñas - Rincon de Ademuz", "open": "T", "available": "0", "free": "18", "total": "18", "ticket": "F", "updated_at": "16\/12\/2019 09:44:55" }, "geometry": { "type": "Point", "coordinates": [ 723510.284, 4372471.323 ] } },
{ "type": "Feature", "properties": { "name": "220_CALLE_CASTAN_TOBEÑAS_ESQ_CALLE_DE_GOYA", "number": "220", "address": "Castán Tobeñas - Patriques", "open": "T", "available": "2", "free": "14", "total": "16", "ticket": "T", "updated_at": "16\/12\/2019 09:44:55" }, "geometry": { "type": "Point", "coordinates": [ 723788.443, 4372594.236 ] } },
{ "type": "Feature", "properties": { "name": "55_AVDA. DE FRANCIA", "number": "55", "address": "Francia - Pintor Maella", "open": "T", "available": "17", "free": "7", "total": "25", "ticket": "F", "updated_at": "16\/12\/2019 09:44:55" }, "geometry": { "type": "Point", "coordinates": [ 728105.908, 4371107.879 ] } },
{ "type": "Feature", "properties": { "name": "56_AVDA. DE FRANCIA", "number": "56", "address": "Francia - Menorca", "open": "T", "available": "12", "free": "3", "total": "15", "ticket": "F", "updated_at": "16\/12\/2019 09:44:55" }, "geometry": { "type": "Point", "coordinates": [ 728477.293, 4371016.383 ] } },
{ "type": "Feature", "properties": { "name": "057_CALLE PINTOR MONLEON", "number": "57", "address": "Alameda - Pintor Monleón", "open": "T", "available": "20", "free": "0", "total": "20", "ticket": "T", "updated_at": "16\/12\/2019 09:44:55" }, "geometry": { "type": "Point", "coordinates": [ 727265.727, 4371653.468 ] } },
{ "type": "Feature", "properties": { "name": "058_PLAZA DE ESPAÑA", "number": "58", "address": "Plaza España", "open": "T", "available": "0", "free": "20", "total": "20", "ticket": "T", "updated_at": "16\/12\/2019 09:44:55" }, "geometry": { "type": "Point", "coordinates": [ 725252.779, 4371788.228 ] } },
{ "type": "Feature", "properties": { "name": "059_AVDA. DE BALEARES I", "number": "59", "address": "Baleares - Río Escalona", "open": "T", "available": "6", "free": "9", "total": "15", "ticket": "T", "updated_at": "16\/12\/2019 09:44:55" }, "geometry": { "type": "Point", "coordinates": [ 727589.205, 4371508.755 ] } },
{ "type": "Feature", "properties": { "name": "060_AVDA.BALEARES II", "number": "60", "address": "Baleares - Lebón", "open": "T", "available": "14", "free": "5", "total": "19", "ticket": "F", "updated_at": "16\/12\/2019 09:44:55" }, "geometry": { "type": "Point", "coordinates": [ 727830.598, 4371420.636 ] } },
{ "type": "Feature", "properties": { "name": "061_VICENTE VIDAL", "number": "61", "address": "Vicent Vidal - Pintor Maella", "open": "T", "available": "7", "free": "13", "total": "20", "ticket": "T", "updated_at": "16\/12\/2019 09:44:55" }, "geometry": { "type": "Point", "coordinates": [ 728173.192, 4371326.503 ] } },
{ "type": "Feature", "properties": { "name": "062_MENORCA", "number": "62", "address": "Menorca - Baleares", "open": "T", "available": "19", "free": "1", "total": "20", "ticket": "T", "updated_at": "16\/12\/2019 09:44:55" }, "geometry": { "type": "Point", "coordinates": [ 728666.608, 4371176.395 ] } },
{ "type": "Feature", "properties": { "name": "063_AVDA. DEL PUERTO I", "number": "63", "address": "Av Puerto 19 (Telefónica)", "open": "T", "available": "20", "free": "0", "total": "20", "ticket": "T", "updated_at": "16\/12\/2019 09:44:55" }, "geometry": { "type": "Point", "coordinates": [ 727241.381, 4372019.713 ] } },
{ "type": "Feature", "properties": { "name": "064_AVDA. DEL PUERTO II", "number": "64", "address": "Av. Puerto 61-63", "open": "T", "available": "12", "free": "8", "total": "20", "ticket": "F", "updated_at": "16\/12\/2019 09:44:55" }, "geometry": { "type": "Point", "coordinates": [ 727608.482, 4371890.391 ] } },
{ "type": "Feature", "properties": { "name": "065_AVDA. DEL PUERTO III", "number": "65", "address": "Av. Puerto - Doctor Manuel Candela", "open": "T", "available": "0", "free": "19", "total": "19", "ticket": "T", "updated_at": "16\/12\/2019 09:44:55" }, "geometry": { "type": "Point", "coordinates": [ 727900.669, 4371787.657 ] } },
{ "type": "Feature", "properties": { "name": "066_GUILLEN DE ANGLESOLA", "number": "66", "address": "Guillem de Anglesola - Av. Puerto", "open": "T", "available": "7", "free": "18", "total": "25", "ticket": "F", "updated_at": "16\/12\/2019 09:44:55" }, "geometry": { "type": "Point", "coordinates": [ 728298.458, 4371661.047 ] } },
{ "type": "Feature", "properties": { "name": "067_JUAN VERDEGUER", "number": "67", "address": "Juan Verdeguer - Toneleros", "open": "T", "available": "14", "free": "0", "total": "14", "ticket": "F", "updated_at": "16\/12\/2019 09:44:55" }, "geometry": { "type": "Point", "coordinates": [ 729130.423, 4371084.436 ] } },
{ "type": "Feature", "properties": { "name": "212_CALLE_FRAY_JUANÍPERO_SERRA_ESQ_CALLE_TORRENTE", "number": "212", "address": "Fray Juanípero Serra - Torrente", "open": "T", "available": "1", "free": "14", "total": "15", "ticket": "T", "updated_at": "16\/12\/2019 09:44:55" }, "geometry": { "type": "Point", "coordinates": [ 723649.564, 4371215.869 ] } },
{ "type": "Feature", "properties": { "name": "213_CALLE_ARCHIDUQUE_CARLOS_ESQ_CALLE_JOSE_MA_MOR", "number": "213", "address": "Archiduque Carlos - José María Mortes Lerma", "open": "T", "available": "1", "free": "13", "total": "15", "ticket": "F", "updated_at": "16\/12\/2019 09:44:55" }, "geometry": { "type": "Point", "coordinates": [ 723938.787, 4371410.971 ] } },
{ "type": "Feature", "properties": { "name": "214_CALLE_SANTA_CRUZ_DE_TENERIFE_ESQ_CALLE_LLOMBA", "number": "214", "address": "Santa Cruz de Tenerife, 21", "open": "T", "available": "14", "free": "1", "total": "15", "ticket": "T", "updated_at": "16\/12\/2019 09:44:55" }, "geometry": { "type": "Point", "coordinates": [ 723623.032, 4371598.159 ] } },
{ "type": "Feature", "properties": { "name": "215_CALLE_MUSICO_AYLLON_ESQ_CALLE_FRANCISCO_DOLZ", "number": "215", "address": "Músico Ayllón - Francisco Dolz", "open": "T", "available": "0", "free": "15", "total": "15", "ticket": "T", "updated_at": "16\/12\/2019 09:44:55" }, "geometry": { "type": "Point", "coordinates": [ 723950.022, 4371689.7 ] } },
{ "type": "Feature", "properties": { "name": "216_AVDA_DEL_CID_ESQ_CALLE_BURGOS", "number": "216", "address": "Av. del Cid - Burgos", "open": "T", "available": "2", "free": "15", "total": "17", "ticket": "F", "updated_at": "16\/12\/2019 09:44:55" }, "geometry": { "type": "Point", "coordinates": [ 723705.426, 4372070.459 ] } },
{ "type": "Feature", "properties": { "name": "217_CALLE_9_DE_OCTUBRE_ESQ_CALLE_PINTOR_STOLZ", "number": "217", "address": "Pintor Stolz - Nueve de Octubre", "open": "T", "available": "0", "free": "25", "total": "25", "ticket": "T", "updated_at": "16\/12\/2019 09:44:55" }, "geometry": { "type": "Point", "coordinates": [ 723259.895, 4372187.155 ] } },
{ "type": "Feature", "properties": { "name": "218_CALLE_SALVADOR_FERRANDIS_LUNA_ESQ_CALLE_JUAN_B", "number": "218", "address": "Salvador Ferrandis Luna - Juan Bautista Vives", "open": "T", "available": "0", "free": "15", "total": "15", "ticket": "T", "updated_at": "16\/12\/2019 09:44:55" }, "geometry": { "type": "Point", "coordinates": [ 723879.043, 4372250.791 ] } },
{ "type": "Feature", "properties": { "name": "069_AVDA. DEL PUERTO", "number": "69", "address": "Av. Puerto - Serrería", "open": "T", "available": "19", "free": "6", "total": "25", "ticket": "F", "updated_at": "16\/12\/2019 09:44:55" }, "geometry": { "type": "Point", "coordinates": [ 728954.814, 4371422.769 ] } },
{ "type": "Feature", "properties": { "name": "70_CALLE_COLON_ESQ_ALMIRANTE_ROGER_DE_LAURIA", "number": "70", "address": "Colón, 44", "open": "T", "available": "16", "free": "1", "total": "17", "ticket": "F", "updated_at": "16\/12\/2019 09:44:55" }, "geometry": { "type": "Point", "coordinates": [ 726098.307, 4372145.579 ] } },
{ "type": "Feature", "properties": { "name": "071_AVDA DEL PUERTO VI", "number": "71", "address": "Av. Puerto - Plaza Tribunal de les Aigües", "open": "T", "available": "15", "free": "5", "total": "20", "ticket": "T", "updated_at": "16\/12\/2019 09:44:55" }, "geometry": { "type": "Point", "coordinates": [ 729406.548, 4371261.476 ] } },
{ "type": "Feature", "properties": { "name": "072_RAMIRO MAETZU", "number": "72", "address": "Ramiro de Maeztu - Peris Brell", "open": "T", "available": "0", "free": "15", "total": "15", "ticket": "F", "updated_at": "16\/12\/2019 09:44:55" }, "geometry": { "type": "Point", "coordinates": [ 728272.777, 4371992.024 ] } },
{ "type": "Feature", "properties": { "name": "073_JERONIMO MONSORIU", "number": "73", "address": "Jerónimo Monsoriu - Industria", "open": "T", "available": "11", "free": "9", "total": "20", "ticket": "T", "updated_at": "16\/12\/2019 09:44:55" }, "geometry": { "type": "Point", "coordinates": [ 728582.94, 4371890.3 ] } },
{ "type": "Feature", "properties": { "name": "074_PLAZA SAN FELIPE NERI", "number": "74", "address": "Plaza San Felipe Neri (Mercado Algirós)", "open": "T", "available": "3", "free": "16", "total": "20", "ticket": "T", "updated_at": "16\/12\/2019 09:44:55" }, "geometry": { "type": "Point", "coordinates": [ 727636.956, 4372272.409 ] } },
{ "type": "Feature", "properties": { "name": "075_CAMPOAMOR I", "number": "75", "address": "República Argentina - Campoamor", "open": "T", "available": "1", "free": "24", "total": "25", "ticket": "T", "updated_at": "16\/12\/2019 09:44:55" }, "geometry": { "type": "Point", "coordinates": [ 727804.801, 4372517.761 ] } },
{ "type": "Feature", "properties": { "name": "128_C\/ ALFAUIR", "number": "128", "address": "Alfahuir - Peñiscola", "open": "T", "available": "1", "free": "24", "total": "25", "ticket": "T", "updated_at": "16\/12\/2019 09:44:55" }, "geometry": { "type": "Point", "coordinates": [ 726387.768, 4374326.342 ] } },
{ "type": "Feature", "properties": { "name": "133_C\/ ALFAMBRA", "number": "133", "address": "Alfambra - Poeta Monmeneu", "open": "T", "available": "0", "free": "15", "total": "15", "ticket": "F", "updated_at": "16\/12\/2019 09:44:55" }, "geometry": { "type": "Point", "coordinates": [ 725690.054, 4373638.278 ] } },
{ "type": "Feature", "properties": { "name": "134_C\/ MAXIMILIANO THOUS", "number": "134", "address": "Maximiliano Thous - Luz Casanova", "open": "T", "available": "1", "free": "19", "total": "20", "ticket": "F", "updated_at": "16\/12\/2019 09:44:55" }, "geometry": { "type": "Point", "coordinates": [ 725892.931, 4374188.571 ] } },
{ "type": "Feature", "properties": { "name": "135_AVDA. CONSTITUCIÓN", "number": "135", "address": "Constitución - Reus", "open": "T", "available": "1", "free": "19", "total": "20", "ticket": "T", "updated_at": "16\/12\/2019 09:44:55" }, "geometry": { "type": "Point", "coordinates": [ 725455.253, 4373958.731 ] } },
{ "type": "Feature", "properties": { "name": "136_CALLE_ECONOMISTA_GAY", "number": "136", "address": "Economista Gay - Constitución", "open": "T", "available": "1", "free": "19", "total": "20", "ticket": "F", "updated_at": "16\/12\/2019 09:44:55" }, "geometry": { "type": "Point", "coordinates": [ 725690.205, 4374436.518 ] } },
{ "type": "Feature", "properties": { "name": "137_CALLE_ECONOMISTA_GAY", "number": "137", "address": "Economista Gay - Luis Crumiere", "open": "T", "available": "0", "free": "19", "total": "20", "ticket": "T", "updated_at": "16\/12\/2019 09:44:55" }, "geometry": { "type": "Point", "coordinates": [ 725324.503, 4374324.99 ] } },
{ "type": "Feature", "properties": { "name": "138_SAN_PANCRACIO", "number": "138", "address": "San Pancracio - Periodista Llorente", "open": "T", "available": "6", "free": "14", "total": "20", "ticket": "F", "updated_at": "16\/12\/2019 09:44:55" }, "geometry": { "type": "Point", "coordinates": [ 724955.142, 4374220.596 ] } },
{ "type": "Feature", "properties": { "name": "234_PLAZA MUSICO_ESPI_JOSE_ESTEVE", "number": "234", "address": "Plaza Músico Espí", "open": "T", "available": "2", "free": "13", "total": "15", "ticket": "F", "updated_at": "16\/12\/2019 09:44:55" }, "geometry": { "type": "Point", "coordinates": [ 725838.062, 4375169.408 ] } },
{ "type": "Feature", "properties": { "name": "238_SAN_JOSE_ARTESANO_FRANCISCO_MOROTE_GREUS", "number": "238", "address": "San Jose Artesano - Francisco Morote Greus", "open": "T", "available": "2", "free": "13", "total": "15", "ticket": "F", "updated_at": "16\/12\/2019 09:44:55" }, "geometry": { "type": "Point", "coordinates": [ 724051.437, 4375223.032 ] } },
{ "type": "Feature", "properties": { "name": "245_9_DE_OCTUBRE_CIEZA", "number": "245", "address": "Nueve de Octubre - Cieza", "open": "T", "available": "6", "free": "14", "total": "20", "ticket": "F", "updated_at": "16\/12\/2019 09:44:55" }, "geometry": { "type": "Point", "coordinates": [ 723196.163, 4372385.501 ] } },
{ "type": "Feature", "properties": { "name": "246_AVDA_TRES_CRUCES_ENTRADA_HOSPITAL_GENERAL", "number": "246", "address": "Tres Cruces - Hospital General", "open": "T", "available": "8", "free": "12", "total": "20", "ticket": "F", "updated_at": "16\/12\/2019 09:44:55" }, "geometry": { "type": "Point", "coordinates": [ 723099.271, 4372044.993 ] } },
{ "type": "Feature", "properties": { "name": "247_AVDA_TRES_CRUCES_MUSICO_AYLLON", "number": "247", "address": "Tres Cruces - Músico Ayllón", "open": "T", "available": "6", "free": "9", "total": "15", "ticket": "T", "updated_at": "16\/12\/2019 09:44:55" }, "geometry": { "type": "Point", "coordinates": [ 723185.17, 4371860.828 ] } },
{ "type": "Feature", "properties": { "name": "076_CAMPOAMOR II", "number": "76", "address": "Campoamor - Músico Ginés", "open": "T", "available": "10", "free": "8", "total": "19", "ticket": "T", "updated_at": "16\/12\/2019 09:44:55" }, "geometry": { "type": "Point", "coordinates": [ 728520.347, 4372313.3 ] } },
{ "type": "Feature", "properties": { "name": "77_C\/ MOLINELL", "number": "77", "address": "Molinell - Calderón de la Barca", "open": "T", "available": "12", "free": "8", "total": "20", "ticket": "T", "updated_at": "16\/12\/2019 09:44:55" }, "geometry": { "type": "Point", "coordinates": [ 726561.529, 4373910.028 ] } },
{ "type": "Feature", "properties": { "name": "078_AVDA. ARAGÓN I", "number": "78", "address": "Aragón - Vicente Sancho Tello", "open": "T", "available": "5", "free": "15", "total": "20", "ticket": "T", "updated_at": "16\/12\/2019 09:44:55" }, "geometry": { "type": "Point", "coordinates": [ 727210.757, 4372259.455 ] } },
{ "type": "Feature", "properties": { "name": "121_C_MURTA", "number": "121", "address": "Murta - Sant Eperit", "open": "T", "available": "11", "free": "4", "total": "15", "ticket": "F", "updated_at": "16\/12\/2019 09:44:55" }, "geometry": { "type": "Point", "coordinates": [ 727150.755, 4374061.607 ] } },
{ "type": "Feature", "properties": { "name": "195_CALLE_GIORGETA", "number": "195", "address": "Giorgeta - Roig de Corella", "open": "T", "available": "2", "free": "14", "total": "16", "ticket": "F", "updated_at": "16\/12\/2019 09:44:55" }, "geometry": { "type": "Point", "coordinates": [ 725042.932, 4371022.899 ] } },
{ "type": "Feature", "properties": { "name": "196_AVDA_GASPAR_AGUILAR", "number": "196", "address": "Jerónimo Muñoz - Gaspar Aguilar", "open": "T", "available": "1", "free": "14", "total": "15", "ticket": "T", "updated_at": "16\/12\/2019 09:44:55" }, "geometry": { "type": "Point", "coordinates": [ 724716.63, 4371034.651 ] } },
{ "type": "Feature", "properties": { "name": "197_CALLE_FONTANARS_DELS_AFORINS", "number": "197", "address": "Fontanars dels Aforins - Jacinto Labaila", "open": "T", "available": "0", "free": "15", "total": "15", "ticket": "F", "updated_at": "16\/12\/2019 09:44:55" }, "geometry": { "type": "Point", "coordinates": [ 724353.939, 4370869.611 ] } },
{ "type": "Feature", "properties": { "name": "202_PASEO_PECHINA", "number": "202", "address": "Pechina - Teruel", "open": "T", "available": "1", "free": "19", "total": "20", "ticket": "T", "updated_at": "16\/12\/2019 09:44:55" }, "geometry": { "type": "Point", "coordinates": [ 724209.864, 4372869.384 ] } },
{ "type": "Feature", "properties": { "name": "248_AVDA_TRES_CRUCES_JOSE_MARIA_MORTES_LERMA", "number": "248", "address": "Tres Cruces - Jose Maria Mortes Lerma", "open": "T", "available": "7", "free": "13", "total": "20", "ticket": "F", "updated_at": "16\/12\/2019 09:44:55" }, "geometry": { "type": "Point", "coordinates": [ 723251.749, 4371355.044 ] } },
{ "type": "Feature", "properties": { "name": "255_SAN_VICENTE_MARTIR_TOMAS_DE_VILLAROYA", "number": "255", "address": "Tomas de Villarroya - San Vicente", "open": "T", "available": "1", "free": "17", "total": "18", "ticket": "F", "updated_at": "16\/12\/2019 09:44:55" }, "geometry": { "type": "Point", "coordinates": [ 724930.138, 4369721.913 ] } },
{ "type": "Feature", "properties": { "name": "256_AVDA_TRES_FORQUES_TURIS", "number": "256", "address": "Tres Forques - Turís", "open": "T", "available": "8", "free": "7", "total": "15", "ticket": "F", "updated_at": "16\/12\/2019 09:44:55" }, "geometry": { "type": "Point", "coordinates": [ 724343.803, 4371511.339 ] } },
{ "type": "Feature", "properties": { "name": "257_PLAZA_SALVADOR_SORIA_ESQ_PIO_X", "number": "257", "address": "Plaza Salvador Soria, 8", "open": "T", "available": "0", "free": "20", "total": "20", "ticket": "F", "updated_at": "16\/12\/2019 09:44:55" }, "geometry": { "type": "Point", "coordinates": [ 724673.385, 4369442.063 ] } },
{ "type": "Feature", "properties": { "name": "258_PINTOR_RAFAEL_SOLVES_ESQ_JOSE_SOTO_MICO", "number": "258", "address": "Pintor Rafael Solves - Jose Soto Mico", "open": "T", "available": "9", "free": "6", "total": "15", "ticket": "T", "updated_at": "16\/12\/2019 09:44:55" }, "geometry": { "type": "Point", "coordinates": [ 724687.984, 4368840.015 ] } },
{ "type": "Feature", "properties": { "name": "259_CALLE_PIO_IX_POLIDEPORTIVO_RAMBLETA", "number": "259", "address": "Pio IX - Músico Cabanilles", "open": "T", "available": "6", "free": "14", "total": "20", "ticket": "T", "updated_at": "16\/12\/2019 09:44:55" }, "geometry": { "type": "Point", "coordinates": [ 724336.117, 4369455.518 ] } },
{ "type": "Feature", "properties": { "name": "260_DELS_FERRERS_ESQ_TRAGINERS", "number": "260", "address": "Traginers - Pedrapiquers", "open": "T", "available": "12", "free": "8", "total": "20", "ticket": "F", "updated_at": "16\/12\/2019 09:44:55" }, "geometry": { "type": "Point", "coordinates": [ 723068.818, 4370984.943 ] } },
{ "type": "Feature", "properties": { "name": "261_PZA_XUQUER_ESQ_VINALOPO", "number": "261", "address": "Plaza Xuquer - Vinalopó", "open": "T", "available": "18", "free": "1", "total": "19", "ticket": "F", "updated_at": "16\/12\/2019 09:44:55" }, "geometry": { "type": "Point", "coordinates": [ 727903.805, 4373027.62 ] } },
{ "type": "Feature", "properties": { "name": "264_AVDA_CID_ANTES_MARCONI", "number": "264", "address": "Av. del Cid - Marconi", "open": "T", "available": "0", "free": "20", "total": "20", "ticket": "T", "updated_at": "16\/12\/2019 09:44:55" }, "geometry": { "type": "Point", "coordinates": [ 722417.397, 4372033.167 ] } },
{ "type": "Feature", "properties": { "name": "265_C_ALCASSER_POETA_ALBERTO_LISTA", "number": "265", "address": "Alcasser - Poeta Alberto Lista", "open": "T", "available": "5", "free": "10", "total": "15", "ticket": "F", "updated_at": "16\/12\/2019 09:44:55" }, "geometry": { "type": "Point", "coordinates": [ 722954.913, 4372250.029 ] } },
{ "type": "Feature", "properties": { "name": "141_C\/ GREGORIO GEA (PEATONAL)", "number": "141", "address": "Gregorio Gea - Padre Ferris", "open": "T", "available": "4", "free": "16", "total": "20", "ticket": "T", "updated_at": "16\/12\/2019 09:44:55" }, "geometry": { "type": "Point", "coordinates": [ 724890.673, 4373671.905 ] } },
{ "type": "Feature", "properties": { "name": "142_C\/ GREGORIO GEA (PEATONAL)", "number": "142", "address": "Gregorio Gea - Profesor Beltrán Báguena", "open": "T", "available": "15", "free": "10", "total": "25", "ticket": "F", "updated_at": "16\/12\/2019 09:44:55" }, "geometry": { "type": "Point", "coordinates": [ 724507.676, 4373511.035 ] } },
{ "type": "Feature", "properties": { "name": "143_AVDA. MENENDEZ PIDAL", "number": "143", "address": "Pio XII - Menéndez PIdal (Nuevo Centro)", "open": "T", "available": "3", "free": "27", "total": "30", "ticket": "T", "updated_at": "16\/12\/2019 09:44:55" }, "geometry": { "type": "Point", "coordinates": [ 724405.493, 4373243.332 ] } },
{ "type": "Feature", "properties": { "name": "144_CALLE_MARQUES_DE_SAN_JUAN", "number": "144", "address": "Marqués de San Juan - Diputat Lluís Lucía", "open": "T", "available": "2", "free": "13", "total": "15", "ticket": "F", "updated_at": "16\/12\/2019 09:44:55" }, "geometry": { "type": "Point", "coordinates": [ 724017.044, 4373147.877 ] } },
{ "type": "Feature", "properties": { "name": "145_PLAZA_BADAJOZ", "number": "145", "address": "Plaza Badajoz", "open": "T", "available": "6", "free": "8", "total": "15", "ticket": "F", "updated_at": "16\/12\/2019 09:44:55" }, "geometry": { "type": "Point", "coordinates": [ 723757.412, 4373447.885 ] } },
{ "type": "Feature", "properties": { "name": "146_AVDA. CAMPANAR", "number": "146", "address": "Av. Campanar (La Fe)", "open": "T", "available": "2", "free": "24", "total": "26", "ticket": "T", "updated_at": "16\/12\/2019 09:44:55" }, "geometry": { "type": "Point", "coordinates": [ 724386.193, 4373861.911 ] } },
{ "type": "Feature", "properties": { "name": "147_CALLE_PIE_DE_LA_CRUZ_CALLE_DE_LA_REJA", "number": "147", "address": "Pie de la Cruz - Rejas", "open": "T", "available": "11", "free": "3", "total": "15", "ticket": "F", "updated_at": "16\/12\/2019 09:44:55" }, "geometry": { "type": "Point", "coordinates": [ 725348.881, 4372566.811 ] } },
{ "type": "Feature", "properties": { "name": "148_XÀTIVA_PLAZA_DE_TOROS", "number": "148", "address": "C\/Xàtiva 30-32", "open": "T", "available": "15", "free": "20", "total": "35", "ticket": "T", "updated_at": "16\/12\/2019 09:44:55" }, "geometry": { "type": "Point", "coordinates": [ 725783.915, 4371906.663 ] } },
{ "type": "Feature", "properties": { "name": "149_AVDA. PERIS Y VALERO", "number": "149", "address": "Peris y Valero - Salamanca", "open": "T", "available": "5", "free": "13", "total": "20", "ticket": "F", "updated_at": "16\/12\/2019 09:44:55" }, "geometry": { "type": "Point", "coordinates": [ 726966.242, 4371473.377 ] } },
{ "type": "Feature", "properties": { "name": "150_DR. MANUEL CANDELA", "number": "150", "address": "Manuel Candela - Rodriguez de Cepeda", "open": "T", "available": "3", "free": "22", "total": "25", "ticket": "F", "updated_at": "16\/12\/2019 09:44:55" }, "geometry": { "type": "Point", "coordinates": [ 727913.087, 4372032.997 ] } },
{ "type": "Feature", "properties": { "name": "151_JERONIMO MONSORIU", "number": "151", "address": "Jerónimo Monsoriu - Alcalde Cano Coloma", "open": "T", "available": "9", "free": "11", "total": "20", "ticket": "F", "updated_at": "16\/12\/2019 09:44:55" }, "geometry": { "type": "Point", "coordinates": [ 729083.914, 4371728.444 ] } },
{ "type": "Feature", "properties": { "name": "152_C\/ LITERATO AZORÍN", "number": "152", "address": "Reina Doña María - Cádiz", "open": "T", "available": "9", "free": "6", "total": "15", "ticket": "T", "updated_at": "16\/12\/2019 09:44:55" }, "geometry": { "type": "Point", "coordinates": [ 726034.021, 4371222.938 ] } },
{ "type": "Feature", "properties": { "name": "153_C\/ LLANO DE ZAIDA", "number": "153", "address": "Llano de la Zaidía - Doctor Olóriz", "open": "T", "available": "0", "free": "24", "total": "24", "ticket": "T", "updated_at": "16\/12\/2019 09:44:55" }, "geometry": { "type": "Point", "coordinates": [ 725284.031, 4373659.992 ] } },
{ "type": "Feature", "properties": { "name": "154_PESCADORES", "number": "154", "address": "Pescadores - Progreso", "open": "T", "available": "14", "free": "1", "total": "15", "ticket": "F", "updated_at": "16\/12\/2019 09:44:55" }, "geometry": { "type": "Point", "coordinates": [ 729717.505, 4372325.704 ] } },
{ "type": "Feature", "properties": { "name": "155_C\/ SALAMANCA", "number": "155", "address": "Salamanca - Reina Doña Germana", "open": "T", "available": "17", "free": "3", "total": "20", "ticket": "F", "updated_at": "16\/12\/2019 09:44:55" }, "geometry": { "type": "Point", "coordinates": [ 726849.289, 4371694.26 ] } },
{ "type": "Feature", "properties": { "name": "156_C\/ CUBA", "number": "156", "address": "Puerto Rico - Cuba", "open": "T", "available": "0", "free": "15", "total": "15", "ticket": "F", "updated_at": "16\/12\/2019 09:44:55" }, "geometry": { "type": "Point", "coordinates": [ 725720.691, 4371218.14 ] } },
{ "type": "Feature", "properties": { "name": "157_AVENIDA_PEREZ_GALDOS", "number": "157", "address": "Pérez Galdós - Marqués de Zenete", "open": "T", "available": "0", "free": "20", "total": "20", "ticket": "T", "updated_at": "16\/12\/2019 09:44:55" }, "geometry": { "type": "Point", "coordinates": [ 724762.45, 4371533.357 ] } },
{ "type": "Feature", "properties": { "name": "235_CONDE_DE_TORREFIEL_CECILIO_PLA", "number": "235", "address": "Conde Torrefiel - Cecilio Plá", "open": "T", "available": "10", "free": "5", "total": "15", "ticket": "T", "updated_at": "16\/12\/2019 09:44:55" }, "geometry": { "type": "Point", "coordinates": [ 725526.985, 4375332.096 ] } },
{ "type": "Feature", "properties": { "name": "236_RIO_SEGRE_RAFAEL_COMPANY", "number": "236", "address": "Rio Segre - Rafael Company", "open": "T", "available": "1", "free": "14", "total": "15", "ticket": "T", "updated_at": "16\/12\/2019 09:44:55" }, "geometry": { "type": "Point", "coordinates": [ 725100.155, 4374988.713 ] } },
{ "type": "Feature", "properties": { "name": "237_LEVANTE_UD_AVDA_ECUADOR", "number": "237", "address": "Levante U.D. - Ecuador", "open": "T", "available": "0", "free": "15", "total": "15", "ticket": "T", "updated_at": "16\/12\/2019 09:44:55" }, "geometry": { "type": "Point", "coordinates": [ 724347.763, 4374932.654 ] } },
{ "type": "Feature", "properties": { "name": "159_FRANCISCO CUBELLS", "number": "159", "address": "Francisco Cubells - San José de la Vega", "open": "T", "available": "13", "free": "4", "total": "17", "ticket": "F", "updated_at": "16\/12\/2019 09:44:55" }, "geometry": { "type": "Point", "coordinates": [ 729293.988, 4371599.114 ] } },
{ "type": "Feature", "properties": { "name": "222_AVDA_MAESTRO_RODRIGO_ESQ_AVDA_MANUEL_DE_FALLA", "number": "222", "address": "Maestro Rodrigo - Manuel de Falla", "open": "T", "available": "2", "free": "17", "total": "20", "ticket": "F", "updated_at": "16\/12\/2019 09:44:55" }, "geometry": { "type": "Point", "coordinates": [ 723868.082, 4372934.044 ] } },
{ "type": "Feature", "properties": { "name": "276_EDIFICIO_VELES_E_VENTS", "number": "276", "address": "Veles e Vents", "open": "T", "available": "11", "free": "9", "total": "20", "ticket": "T", "updated_at": "16\/12\/2019 09:44:55" }, "geometry": { "type": "Point", "coordinates": [ 730241.616, 4371463.445 ] } },
{ "type": "Feature", "properties": { "name": "001_GUILLEN_DE_CASTRO", "number": "1", "address": "C\/GUILLEM DE CASTRO esquina con C\/NA JORDANA", "open": "T", "available": "1", "free": "24", "total": "25", "ticket": "T", "updated_at": "16\/12\/2019 09:44:55" }, "geometry": { "type": "Point", "coordinates": [ 725092.652, 4373319.361 ] } },
{ "type": "Feature", "properties": { "name": "002_CALLE_SALVADOR_GINER_CALLE_MUSEO", "number": "2", "address": "Salvador Giner - C. Museo", "open": "T", "available": "0", "free": "15", "total": "15", "ticket": "F", "updated_at": "16\/12\/2019 09:44:55" }, "geometry": { "type": "Point", "coordinates": [ 725366.769, 4373310.348 ] } },
{ "type": "Feature", "properties": { "name": "003_PLAZA_MUSICO_LOPEZ_CHAVARRI", "number": "3", "address": "Plaza del Musico López Chavarri", "open": "T", "available": "9", "free": "9", "total": "20", "ticket": "T", "updated_at": "16\/12\/2019 09:44:55" }, "geometry": { "type": "Point", "coordinates": [ 725330.179, 4372969.993 ] } },
{ "type": "Feature", "properties": { "name": "004_PLAZA_DE_LA_VIRGEN_CALLE_BAILIA", "number": "4", "address": "Plaza de la Virgen - Bailía", "open": "T", "available": "11", "free": "13", "total": "25", "ticket": "T", "updated_at": "16\/12\/2019 09:44:55" }, "geometry": { "type": "Point", "coordinates": [ 725755.944, 4372972.613 ] } },
{ "type": "Feature", "properties": { "name": "005_PINTOR_LOPEZ_PZA_POETA_LLORENTE", "number": "5", "address": "Plaza Poeta Llorente", "open": "T", "available": "12", "free": "3", "total": "15", "ticket": "T", "updated_at": "16\/12\/2019 09:44:55" }, "geometry": { "type": "Point", "coordinates": [ 726116.944, 4372999.585 ] } },
{ "type": "Feature", "properties": { "name": "006_GUILLEN_CASTRO_CON_CALLE_SAN_PEDRO_PASCUAL", "number": "6", "address": "Guillem de Castro - San Pedro Pascual", "open": "T", "available": "7", "free": "8", "total": "15", "ticket": "T", "updated_at": "16\/12\/2019 09:44:55" }, "geometry": { "type": "Point", "coordinates": [ 725016.729, 4372512.385 ] } },
{ "type": "Feature", "properties": { "name": "007_PZA_DEL_MERCADO_TAULA_DE_CANVIS", "number": "7", "address": "Plaza del Mercado - Taula de Canvis", "open": "T", "available": "9", "free": "5", "total": "20", "ticket": "T", "updated_at": "16\/12\/2019 09:44:55" }, "geometry": { "type": "Point", "coordinates": [ 725431.405, 4372754.855 ] } },
{ "type": "Feature", "properties": { "name": "008_PLAZA_DE_LA_REINA_ESQUINA_CALLE_DEL_MAR", "number": "8", "address": "Plaza de la Reina - Mar", "open": "T", "available": "3", "free": "20", "total": "23", "ticket": "T", "updated_at": "16\/12\/2019 09:44:55" }, "geometry": { "type": "Point", "coordinates": [ 725785.991, 4372703.856 ] } },
{ "type": "Feature", "properties": { "name": "009_PLAZA_TETUAN_4", "number": "9", "address": "Plaza de Tetuán", "open": "T", "available": "25", "free": "0", "total": "25", "ticket": "T", "updated_at": "16\/12\/2019 09:44:55" }, "geometry": { "type": "Point", "coordinates": [ 726229.268, 4372720.676 ] } },
{ "type": "Feature", "properties": { "name": "010_CALLE_DEL_HOSPITAL_FRENTE_CALLE_HORNO_DEL_HOSP", "number": "10", "address": "Hospital - Horno del Hospital", "open": "T", "available": "14", "free": "1", "total": "15", "ticket": "T", "updated_at": "16\/12\/2019 09:44:55" }, "geometry": { "type": "Point", "coordinates": [ 725149.845, 4372296.059 ] } },
{ "type": "Feature", "properties": { "name": "106_AVDA. DE LOS NARANJOS", "number": "106", "address": "Albalat dels Tarongers - Professor Ernest Lluch", "open": "T", "available": "13", "free": "12", "total": "25", "ticket": "F", "updated_at": "16\/12\/2019 09:44:55" }, "geometry": { "type": "Point", "coordinates": [ 728676.955, 4373057.96 ] } },
{ "type": "Feature", "properties": { "name": "107_C\/ CAMPILLO ALTO BUEY", "number": "107", "address": "Campillo de Altobuey (Polideportivo)", "open": "T", "available": "13", "free": "2", "total": "15", "ticket": "F", "updated_at": "16\/12\/2019 09:44:55" }, "geometry": { "type": "Point", "coordinates": [ 729126.028, 4372904.69 ] } },
{ "type": "Feature", "properties": { "name": "108_ LUIS PEIXO", "number": "108", "address": "Luís Peixó 20", "open": "T", "available": "10", "free": "5", "total": "15", "ticket": "T", "updated_at": "16\/12\/2019 09:44:55" }, "geometry": { "type": "Point", "coordinates": [ 729355.857, 4372738.285 ] } },
{ "type": "Feature", "properties": { "name": "109_AVDA. NARANJOS", "number": "109", "address": "Naranjos - Ingeniero Fausto Elio", "open": "T", "available": "19", "free": "1", "total": "20", "ticket": "T", "updated_at": "16\/12\/2019 09:44:55" }, "geometry": { "type": "Point", "coordinates": [ 729354.335, 4373086.32 ] } },
{ "type": "Feature", "properties": { "name": "110_KISSHOMARU", "number": "110", "address": "UPV Trinquet", "open": "T", "available": "30", "free": "0", "total": "30", "ticket": "F", "updated_at": "16\/12\/2019 09:44:55" }, "geometry": { "type": "Point", "coordinates": [ 729068.76, 4373513.496 ] } },
{ "type": "Feature", "properties": { "name": "111_COLEGIO MAYOR", "number": "111", "address": "UPV Galileo", "open": "T", "available": "30", "free": "0", "total": "30", "ticket": "F", "updated_at": "16\/12\/2019 09:44:55" }, "geometry": { "type": "Point", "coordinates": [ 728736.631, 4373445.463 ] } },
{ "type": "Feature", "properties": { "name": "112_AVDA. DE LOS NARANJOS", "number": "112", "address": "Manuel Broseta i Pont - Naranjos", "open": "T", "available": "39", "free": "0", "total": "40", "ticket": "T", "updated_at": "16\/12\/2019 09:44:55" }, "geometry": { "type": "Point", "coordinates": [ 728594.549, 4373259.508 ] } },
{ "type": "Feature", "properties": { "name": "113_ETS CAMINOS", "number": "113", "address": "UPV Caminos", "open": "T", "available": "38", "free": "0", "total": "38", "ticket": "T", "updated_at": "16\/12\/2019 09:44:55" }, "geometry": { "type": "Point", "coordinates": [ 728470.794, 4373555.383 ] } },
{ "type": "Feature", "properties": { "name": "114_ADOLFO SUAREZ", "number": "114", "address": "UPV Informática", "open": "T", "available": "13", "free": "16", "total": "30", "ticket": "F", "updated_at": "16\/12\/2019 09:44:55" }, "geometry": { "type": "Point", "coordinates": [ 728212.727, 4373606.436 ] } },
{ "type": "Feature", "properties": { "name": "115_C\/ DR. VICENTE ZARAGOZA", "number": "115", "address": "Cataluña - Doctor Vicente Zaragozá", "open": "T", "available": "6", "free": "10", "total": "16", "ticket": "F", "updated_at": "16\/12\/2019 09:44:55" }, "geometry": { "type": "Point", "coordinates": [ 727735.506, 4373565.502 ] } },
{ "type": "Feature", "properties": { "name": "116_C\/ DR. VICENTE ZARAGOZA", "number": "116", "address": "Doctor Vicente Zaragozá - Ramón Asensio", "open": "T", "available": "3", "free": "12", "total": "15", "ticket": "T", "updated_at": "16\/12\/2019 09:44:55" }, "geometry": { "type": "Point", "coordinates": [ 727264.373, 4373739.532 ] } },
{ "type": "Feature", "properties": { "name": "117_PRIMADO REIG", "number": "117", "address": "Gascó Oliag - Primado Reig", "open": "T", "available": "30", "free": "0", "total": "30", "ticket": "T", "updated_at": "16\/12\/2019 09:44:55" }, "geometry": { "type": "Point", "coordinates": [ 727320.076, 4373296.548 ] } },
{ "type": "Feature", "properties": { "name": "118_C\/ DR. GOMEZ FERRER", "number": "118", "address": "Gómez Ferrer - Álvaro de Bazán", "open": "T", "available": "17", "free": "3", "total": "20", "ticket": "F", "updated_at": "16\/12\/2019 09:44:55" }, "geometry": { "type": "Point", "coordinates": [ 727027.861, 4373422.962 ] } },
{ "type": "Feature", "properties": { "name": "129_C_ALMAZORA", "number": "129", "address": "Almazora - Benimuslem", "open": "T", "available": "0", "free": "20", "total": "20", "ticket": "T", "updated_at": "16\/12\/2019 09:44:55" }, "geometry": { "type": "Point", "coordinates": [ 726190.306, 4374010.496 ] } },
{ "type": "Feature", "properties": { "name": "130_C\/ CONVENTO CARMELITAS", "number": "130", "address": "Convento Carmelitas - Alboraya", "open": "T", "available": "3", "free": "12", "total": "15", "ticket": "F", "updated_at": "16\/12\/2019 09:44:55" }, "geometry": { "type": "Point", "coordinates": [ 726176.386, 4373706.014 ] } },
{ "type": "Feature", "properties": { "name": "131_CALLE SANTA AMALIA  2", "number": "131", "address": "CALLE SANTA AMALIA  2, esquina POETA BODRIA", "open": "T", "available": "3", "free": "17", "total": "20", "ticket": "T", "updated_at": "16\/12\/2019 09:44:55" }, "geometry": { "type": "Point", "coordinates": [ 725949.872, 4373497.079 ] } },
{ "type": "Feature", "properties": { "name": "132_C\/ RUAYA", "number": "132", "address": "Platero Suárez - Milagrosa", "open": "T", "available": "1", "free": "14", "total": "15", "ticket": "F", "updated_at": "16\/12\/2019 09:44:55" }, "geometry": { "type": "Point", "coordinates": [ 725892.434, 4373925.255 ] } },
{ "type": "Feature", "properties": { "name": "183_AVDA_AUSIAS_MARCH", "number": "183", "address": "Ausias March - Av. de la Plata", "open": "T", "available": "0", "free": "18", "total": "18", "ticket": "T", "updated_at": "16\/12\/2019 09:44:55" }, "geometry": { "type": "Point", "coordinates": [ 726097.133, 4370302.116 ] } },
{ "type": "Feature", "properties": { "name": "184_CALLE_BOMBER_RAMON_DUART", "number": "184", "address": "Bombero Ramón Duart - Hermanos Maristas", "open": "T", "available": "9", "free": "6", "total": "15", "ticket": "F", "updated_at": "16\/12\/2019 09:44:55" }, "geometry": { "type": "Point", "coordinates": [ 726674.382, 4370336.97 ] } },
{ "type": "Feature", "properties": { "name": "185_AVDA_AUSIAS_MARCH", "number": "185", "address": "Ebanista Caselles - Ausias March", "open": "T", "available": "15", "free": "0", "total": "15", "ticket": "F", "updated_at": "16\/12\/2019 09:44:55" }, "geometry": { "type": "Point", "coordinates": [ 726258.742, 4370020.644 ] } },
{ "type": "Feature", "properties": { "name": "186_CALLE_INGENIERO_JOAQUIN_BENLLOCH", "number": "186", "address": "Benifairó de Valldigna - Joaquín Benlloch", "open": "T", "available": "6", "free": "8", "total": "14", "ticket": "F", "updated_at": "16\/12\/2019 09:44:55" }, "geometry": { "type": "Point", "coordinates": [ 725955.382, 4370050.348 ] } },
{ "type": "Feature", "properties": { "name": "187_AVDA_AUSIAS_MARCH", "number": "187", "address": "Ángel Villena - Ausias March", "open": "T", "available": "13", "free": "2", "total": "15", "ticket": "T", "updated_at": "16\/12\/2019 09:44:55" }, "geometry": { "type": "Point", "coordinates": [ 726410.505, 4369793.547 ] } },
{ "type": "Feature", "properties": { "name": "188_HOSPITAL_NUEVA_FE", "number": "188", "address": "Hospital Nueva Fe (consultas externas)", "open": "T", "available": "39", "free": "1", "total": "40", "ticket": "F", "updated_at": "16\/12\/2019 09:44:55" }, "geometry": { "type": "Point", "coordinates": [ 725993.732, 4369396.438 ] } },
{ "type": "Feature", "properties": { "name": "189_HOSPITAL_NUEVA_FE", "number": "189", "address": "Hospital Nueva Fe (administración)", "open": "T", "available": "30", "free": "0", "total": "30", "ticket": "T", "updated_at": "16\/12\/2019 09:44:55" }, "geometry": { "type": "Point", "coordinates": [ 725811.479, 4369410.682 ] } },
{ "type": "Feature", "properties": { "name": "190_CTRA_MALILLA", "number": "190", "address": "Cra. Malilla - Bulevar Sur", "open": "T", "available": "16", "free": "2", "total": "18", "ticket": "T", "updated_at": "16\/12\/2019 09:44:55" }, "geometry": { "type": "Point", "coordinates": [ 725428.757, 4369556.305 ] } },
{ "type": "Feature", "properties": { "name": "191_CTRA_MALILLA", "number": "191", "address": "Esparraguera - Cra. Malilla", "open": "T", "available": "9", "free": "5", "total": "15", "ticket": "F", "updated_at": "16\/12\/2019 09:44:55" }, "geometry": { "type": "Point", "coordinates": [ 725538.115, 4370031.311 ] } },
{ "type": "Feature", "properties": { "name": "192_CTRA_MALILLA", "number": "192", "address": "Cra. Malilla - Oltá", "open": "T", "available": "3", "free": "17", "total": "20", "ticket": "T", "updated_at": "16\/12\/2019 09:44:55" }, "geometry": { "type": "Point", "coordinates": [ 725543.743, 4370287.886 ] } },
{ "type": "Feature", "properties": { "name": "193_CALLE_CARTEROS", "number": "193", "address": "Uruguay - Carteros", "open": "T", "available": "4", "free": "16", "total": "20", "ticket": "T", "updated_at": "16\/12\/2019 09:44:55" }, "geometry": { "type": "Point", "coordinates": [ 724846.881, 4370546.384 ] } },
{ "type": "Feature", "properties": { "name": "194_ESTACION_AVE_JOAQUIN_SOROLLA", "number": "194", "address": "Estación AVE Joaquín Sorolla", "open": "T", "available": "15", "free": "25", "total": "40", "ticket": "T", "updated_at": "16\/12\/2019 09:44:55" }, "geometry": { "type": "Point", "coordinates": [ 725322.215, 4371212.544 ] } },
{ "type": "Feature", "properties": { "name": "224_PLAZA_JOSE_MONFORTE_TUDELA_ESQ_CALLE_HERNANDEZ", "number": "224", "address": "Jorge Comin (Metge) - Terrateig", "open": "T", "available": "5", "free": "15", "total": "20", "ticket": "F", "updated_at": "16\/12\/2019 09:44:55" }, "geometry": { "type": "Point", "coordinates": [ 723313.847, 4373326.321 ] } },
{ "type": "Feature", "properties": { "name": "225_CALLE_PADRE_BARRANCO_DESPUES_CALLE_BENIFAIRO", "number": "225", "address": "Padre Barranco - Carlos Ruano Llopis (Pintor)", "open": "T", "available": "13", "free": "6", "total": "20", "ticket": "T", "updated_at": "16\/12\/2019 09:44:55" }, "geometry": { "type": "Point", "coordinates": [ 723500.1, 4374169.24 ] } },
{ "type": "Feature", "properties": { "name": "226_CALLE_SAFOR_ESQ_AVDA_DE_LAS_CORTES_VALENCIANAS", "number": "226", "address": "Corts Valencianes - La Safor", "open": "T", "available": "12", "free": "18", "total": "30", "ticket": "F", "updated_at": "16\/12\/2019 09:44:55" }, "geometry": { "type": "Point", "coordinates": [ 723687.622, 4374480.945 ] } },
{ "type": "Feature", "properties": { "name": "227_CALLE_SAN_CLEMENTE_ENTRA_HOSPITAL_ARNAU_VILANO", "number": "227", "address": "San Clemente - Hospital Arnau de Vilanova", "open": "T", "available": "4", "free": "16", "total": "20", "ticket": "T", "updated_at": "16\/12\/2019 09:44:55" }, "geometry": { "type": "Point", "coordinates": [ 723339.372, 4374402.457 ] } },
{ "type": "Feature", "properties": { "name": "228_AVDA_NICASIO_BENLLOCH_ESQ_CALLE_L'HORTA_SUD", "number": "228", "address": "Doctor Nicasio Benlloch - L'Horta Sud", "open": "T", "available": "3", "free": "12", "total": "15", "ticket": "T", "updated_at": "16\/12\/2019 09:44:55" }, "geometry": { "type": "Point", "coordinates": [ 723694.722, 4374795.329 ] } },
{ "type": "Feature", "properties": { "name": "229_CALLE_AITANA_ESQ_AVDA_BURJASSOT", "number": "229", "address": "Aitana - Florista", "open": "T", "available": "1", "free": "15", "total": "16", "ticket": "F", "updated_at": "16\/12\/2019 09:44:55" }, "geometry": { "type": "Point", "coordinates": [ 724029.017, 4374739.671 ] } },
{ "type": "Feature", "properties": { "name": "239_LA_FLORISTA_TRANVIA_PALACIO_CONGRESOS", "number": "239", "address": "Florista - T4 (Palau de Congressos)", "open": "T", "available": "4", "free": "16", "total": "20", "ticket": "T", "updated_at": "16\/12\/2019 09:44:55" }, "geometry": { "type": "Point", "coordinates": [ 723572.961, 4375157.649 ] } },
{ "type": "Feature", "properties": { "name": "240_CAMP_DEL_TURIA_AVDA_CORTES_VALENCIANAS", "number": "240", "address": "Camp del Turia - Corts Valencianes", "open": "T", "available": "7", "free": "13", "total": "20", "ticket": "F", "updated_at": "16\/12\/2019 09:44:55" }, "geometry": { "type": "Point", "coordinates": [ 723443.17, 4374933.821 ] } },
{ "type": "Feature", "properties": { "name": "241_VALL_DE_ALBAIDA_PEATONAL", "number": "241", "address": "La Vall d'Albaida - Corts Valencianes", "open": "T", "available": "1", "free": "14", "total": "15", "ticket": "F", "updated_at": "16\/12\/2019 09:44:55" }, "geometry": { "type": "Point", "coordinates": [ 723420.161, 4374708.078 ] } },
{ "type": "Feature", "properties": { "name": "242_LA_SAFOR_AVDA_MAESTRO_RODRIGO", "number": "242", "address": "La Safor - Maestro Rodrigo", "open": "T", "available": "0", "free": "15", "total": "15", "ticket": "F", "updated_at": "16\/12\/2019 09:44:55" }, "geometry": { "type": "Point", "coordinates": [ 723237.977, 4374139.46 ] } },
{ "type": "Feature", "properties": { "name": "243_ALBACETE_ESQ_MALUQUER", "number": "243", "address": "Albacete - Maluquer", "open": "T", "available": "15", "free": "3", "total": "18", "ticket": "T", "updated_at": "16\/12\/2019 09:44:55" }, "geometry": { "type": "Point", "coordinates": [ 725009.401, 4371403.652 ] } },
{ "type": "Feature", "properties": { "name": "244_AVDA_PIO_BAROJA_VALLE_DE_LA_BALLESTERA", "number": "244", "address": "Valle de la Ballestera - Pio Baroja", "open": "T", "available": "3", "free": "17", "total": "20", "ticket": "T", "updated_at": "16\/12\/2019 09:44:55" }, "geometry": { "type": "Point", "coordinates": [ 723101.26, 4373091.117 ] } },
{ "type": "Feature", "properties": { "name": "018_COLON II", "number": "18", "address": "Colón 20-22", "open": "T", "available": "17", "free": "6", "total": "24", "ticket": "T", "updated_at": "16\/12\/2019 09:44:55" }, "geometry": { "type": "Point", "coordinates": [ 725974.018, 4372028.422 ] } },
{ "type": "Feature", "properties": { "name": "019_JUAN_LLORENS", "number": "19", "address": "Juan Llorens - Quart", "open": "T", "available": "2", "free": "13", "total": "15", "ticket": "F", "updated_at": "16\/12\/2019 09:44:55" }, "geometry": { "type": "Point", "coordinates": [ 724365.85, 4372668.04 ] } },
{ "type": "Feature", "properties": { "name": "020_FERNANDO_EL_CATOLICO_CALLE_QUART", "number": "20", "address": "Quart - Fernando el Católico", "open": "T", "available": "3", "free": "13", "total": "16", "ticket": "T", "updated_at": "16\/12\/2019 09:44:55" }, "geometry": { "type": "Point", "coordinates": [ 724685.713, 4372751.189 ] } },
{ "type": "Feature", "properties": { "name": "021_JUAN_LLORENS_29", "number": "21", "address": "Juan Llorens - Literato Gabriel Miró", "open": "T", "available": "4", "free": "12", "total": "16", "ticket": "T", "updated_at": "16\/12\/2019 09:44:55" }, "geometry": { "type": "Point", "coordinates": [ 724490.651, 4372449.685 ] } },
{ "type": "Feature", "properties": { "name": "022_JUAN_LLORENS_57", "number": "22", "address": "Angel Guimerá - Juan Llorens", "open": "T", "available": "0", "free": "15", "total": "15", "ticket": "F", "updated_at": "16\/12\/2019 09:44:55" }, "geometry": { "type": "Point", "coordinates": [ 724659.071, 4372167.495 ] } },
{ "type": "Feature", "properties": { "name": "023_GRAN_VIA_FERNANDO_EL_CATOLICO", "number": "23", "address": "Fernando el Católico - Erudito Orellana", "open": "T", "available": "4", "free": "15", "total": "19", "ticket": "T", "updated_at": "16\/12\/2019 09:44:55" }, "geometry": { "type": "Point", "coordinates": [ 724840.264, 4372377.279 ] } },
{ "type": "Feature", "properties": { "name": "024_GRAN_VIA_RAMON_Y_CAJAL", "number": "24", "address": "Fernando el Católico - Cuenca", "open": "T", "available": "9", "free": "10", "total": "20", "ticket": "T", "updated_at": "16\/12\/2019 09:44:55" }, "geometry": { "type": "Point", "coordinates": [ 725033.543, 4372099.483 ] } },
{ "type": "Feature", "properties": { "name": "50_AVDA. AUTOPISTA DEL SALER", "number": "50", "address": "Autopista del Saler - Antonio Ferrandis (C.C. El Saler)", "open": "T", "available": "38", "free": "2", "total": "40", "ticket": "T", "updated_at": "16\/12\/2019 09:44:55" }, "geometry": { "type": "Point", "coordinates": [ 727766.482, 4370428.526 ] } },
{ "type": "Feature", "properties": { "name": "097_AVDA. BLASCO IBAÑEZ 7", "number": "97", "address": "Blasco Ibañez 121", "open": "T", "available": "19", "free": "4", "total": "23", "ticket": "F", "updated_at": "16\/12\/2019 09:44:55" }, "geometry": { "type": "Point", "coordinates": [ 728538.878, 4372645.481 ] } },
{ "type": "Feature", "properties": { "name": "098_SANTOS JUSTO Y PASTOR", "number": "98", "address": "Justo y Pastor - Duque de Gaeta", "open": "T", "available": "0", "free": "15", "total": "15", "ticket": "T", "updated_at": "16\/12\/2019 09:44:55" }, "geometry": { "type": "Point", "coordinates": [ 728093.128, 4372255.939 ] } },
{ "type": "Feature", "properties": { "name": "099_AVDA. BLASCO IBAÑEZ 8", "number": "99", "address": "Blasco Ibañez - Pintor José Mongrell", "open": "T", "available": "4", "free": "17", "total": "21", "ticket": "T", "updated_at": "16\/12\/2019 09:44:55" }, "geometry": { "type": "Point", "coordinates": [ 728772.337, 4372460.834 ] } },
{ "type": "Feature", "properties": { "name": "100_AVDA. BLASCO IBAÑEZ 9", "number": "100", "address": "Blasco Ibañez - Mestre Ripoll", "open": "T", "available": "3", "free": "17", "total": "20", "ticket": "F", "updated_at": "16\/12\/2019 09:44:55" }, "geometry": { "type": "Point", "coordinates": [ 728972.186, 4372498.957 ] } },
{ "type": "Feature", "properties": { "name": "166_PROGRESO", "number": "166", "address": "Don Vicente Guillot - Progreso", "open": "T", "available": "14", "free": "1", "total": "15", "ticket": "F", "updated_at": "16\/12\/2019 09:44:55" }, "geometry": { "type": "Point", "coordinates": [ 729769.995, 4372713.116 ] } },
{ "type": "Feature", "properties": { "name": "167_PAVIA 3", "number": "167", "address": "Pavía - Acequia de la Cadena", "open": "T", "available": "16", "free": "3", "total": "20", "ticket": "F", "updated_at": "16\/12\/2019 09:44:55" }, "geometry": { "type": "Point", "coordinates": [ 730126.267, 4372896.898 ] } },
{ "type": "Feature", "properties": { "name": "168_AVDA. MALVARROSA", "number": "168", "address": "Malvarrosa - Río Tajo", "open": "T", "available": "8", "free": "7", "total": "15", "ticket": "F", "updated_at": "16\/12\/2019 09:44:55" }, "geometry": { "type": "Point", "coordinates": [ 729837.887, 4373106.43 ] } },
{ "type": "Feature", "properties": { "name": "169_PAVIA 4", "number": "169", "address": "Pavía (Instituto Isabel de Villena)", "open": "T", "available": "15", "free": "5", "total": "20", "ticket": "T", "updated_at": "16\/12\/2019 09:44:55" }, "geometry": { "type": "Point", "coordinates": [ 730110.471, 4373327.171 ] } }
]
}
